1000,S;For_S;S;S_S;S;S_S;S;S_S;S;S_S;S;S_S;S;If_B_then_S_else_S;B;HasNumberOfUnits;Base;5;S;S_S;S;If_B_then_S_else_S;B;OpponentHasNumberOfUnits;Barracks;1;S;C;Build;Ranged;EnemyDir;3;S;C;Build;Barracks;EnemyDir;2;S;Empty;S;If_B_then_S_else_S;B;HasNumberOfUnits;Base;4;S;S_S;S;If_B_then_S_else_S;B;OpponentHasNumberOfUnits;Barracks;1;S;C;Build;Ranged;EnemyDir;2;S;C;Build;Barracks;EnemyDir;1;S;Empty;S;C;Build;Barracks;EnemyDir;1;S;If_B_then_S_else_S;B;HasNumberOfUnits;Base;4;S;S_S;S;If_B_then_S_else_S;B;OpponentHasNumberOfUnits;Barracks;1;S;C;Build;Ranged;EnemyDir;2;S;C;Build;Barracks;EnemyDir;1;S;Empty;S;If_B_then_S;B;HasNumberOfUnits;Base;3;S;If_B_then_S;B;OpponentHasNumberOfUnits;Barracks;1;S;C;Build;Ranged;EnemyDir;1;S;If_B_then_S_else_S;B;HasNumberOfUnits;Base;3;S;If_B_then_S_else_S;B;OpponentHasNumberOfUnits;Barracks;1;S;C;Build;Ranged;EnemyDir;1;S;If_B_then_S;B;HasNumberOfUnits;Base;3;S;If_B_then_S;B;OpponentHasNumberOfUnits;Barracks;1;S;C;Build;Ranged;EnemyDir;1;S;If_B_then_S;B;HasNumberOfUnits;Base;2;S;If_B_then_S;B;OpponentHasNumberOfUnits;Barracks;1;S;C;Build;Ranged;EnemyDir;1;S;If_B_then_S_else_S;B;HasNumberOfUnits;Base;2;S;If_B_then_S_else_S;B;OpponentHasNumberOfUnits;Barracks;1;S;C;Build;Ranged;EnemyDir;1;S;If_B_then_S;B;HasNumberOfUnits;Base;2;S;If_B_then_S;B;OpponentHasNumberOfUnits;Barracks;1;S;C;Build;Ranged;EnemyDir;1;S;If_B_then_S;B;HasNumberOfUnits;Base;1;S;If_B_then_S;B;OpponentHasNumberOfUnits;Barracks;1;S;C;Build;Ranged;EnemyDir;1;S;If_B_then_S_else_S;B;HasNumberOfUnits;Base;1;S;If_B_then_S_else_S;B;OpponentHasNumberOfUnits;Barracks;1;S;C;Build;Ranged;EnemyDir;1;S;If_B_then_S;B;HasNumberOfUnits;Base;1;S;If_B_then_S;B;OpponentHasNumberOfUnits;Barracks;1;S;C;Build;Ranged;EnemyDir;1;S;If_B_then_S;B;HasNumberOfUnits;Base;0;S;If_B_then_S;B;OpponentHasNumberOfUnits;Barracks;1;S;C;Build;Ranged;EnemyDir;1;S;If_B_then_S_else_S;B;HasNumberOfUnits;Base;0;S;If_B_then_S_else_S;B;OpponentHasNumberOfUnits;Barracks;1;S;C;Build;Ranged;EnemyDir;1;S;If_B_then_S;B;HasNumberOfUnits;Base;0;S;If_B_then_S;B;OpponentHasNumberOfUnits;Barracks;1;S;C;Build;Ranged;EnemyDir;1;S;If_B_then_S;B;HasNumberOfUnits;Base;0;S;If_B_then_S;B;OpponentHasNumberOfUnits;Barracks;1;S;C;Build;Ranged;EnemyDir;1
2000,S;For_S;S;S_S;S;S_S;S;S_S;S;S_S;S;S_S;S;If_B_then_S_else_S;B;HasNumberOfUnits;Base;5;S;S_S;S;If_B_then_S_else_S;B;OpponentHasNumberOfUnits;Barracks;1;S;C;Build;Ranged;EnemyDir;3;S;C;Build;Barracks;EnemyDir;2;S;Empty;S;If_B_then_S_else_S;B;HasNumberOfUnits;Base;4;S;S_S;S;If_B_then_S_else_S;B;OpponentHasNumberOfUnits;Barracks;1;S;C;Build;Ranged;EnemyDir;2;S;C;Build;Barracks;EnemyDir;1;S;Empty;S;C;Build;Barracks;EnemyDir;1;S;If_B_then_S_else_S;B;HasNumberOfUnits;Base;4;S;S_S;S;If_B_then_S_else_S;B;OpponentHasNumberOfUnits;Barracks;1;S;C;Build;Ranged;EnemyDir;2;S;C;Build;Barracks;EnemyDir;1;S;Empty;S;If_B_then_S;B;HasNumberOfUnits;Base;3;S;If_B_then_S;B;OpponentHasNumberOfUnits;Barracks;1;S;C;Build;Ranged;EnemyDir;1;S;If_B_then_S_else_S;B;HasNumberOfUnits;Base;3;S;If_B_then_S_else_S;B;OpponentHasNumberOfUnits;Barracks;1;S;C;Build;Ranged;EnemyDir;1;S;If_B_then_S;B;HasNumberOfUnits;Base;3;S;If_B_then_S;B;OpponentHasNumberOfUnits;Barracks;1;S;C;Build;Ranged;EnemyDir;1;S;If_B_then_S;B;HasNumberOfUnits;Base;2;S;If_B_then_S;B;OpponentHasNumberOfUnits;Barracks;1;S;C;Build;Ranged;EnemyDir;1;S;If_B_then_S_else_S;B;HasNumberOfUnits;Base;2;S;If_B_then_S_else_S;B;OpponentHasNumberOfUnits;Barracks;1;S;C;Build;Ranged;EnemyDir;1;S;If_B_then_S;B;HasNumberOfUnits;Base;2;S;If_B_then_S;B;OpponentHasNumberOfUnits;Barracks;1;S;C;Build;Ranged;EnemyDir;1;S;If_B_then_S;B;HasNumberOfUnits;Base;1;S;If_B_then_S;B;OpponentHasNumberOfUnits;Barracks;1;S;C;Build;Ranged;EnemyDir;1;S;If_B_then_S_else_S;B;HasNumberOfUnits;Base;1;S;If_B_then_S_else_S;B;OpponentHasNumberOfUnits;Barracks;1;S;C;Build;Ranged;EnemyDir;1;S;If_B_then_S;B;HasNumberOfUnits;Base;1;S;If_B_then_S;B;OpponentHasNumberOfUnits;Barracks;1;S;C;Build;Ranged;EnemyDir;1;S;If_B_then_S;B;HasNumberOfUnits;Base;0;S;If_B_then_S;B;OpponentHasNumberOfUnits;Barracks;1;S;C;Build;Ranged;EnemyDir;1;S;If_B_then_S_else_S;B;HasNumberOfUnits;Base;0;S;If_B_then_S_else_S;B;OpponentHasNumberOfUnits;Barracks;1;S;C;Build;Ranged;EnemyDir;1;S;If_B_then_S;B;HasNumberOfUnits;Base;0;S;If_B_then_S;B;OpponentHasNumberOfUnits;Barracks;1;S;C;Build;Ranged;EnemyDir;1;S;If_B_then_S;B;HasNumberOfUnits;Base;0;S;If_B_then_S;B;OpponentHasNumberOfUnits;Barracks;1;S;C;Build;Ranged;EnemyDir;1
3000,S;For_S;S;S_S;S;S_S;S;S_S;S;S_S;S;S_S;S;If_B_then_S_else_S;B;HasNumberOfUnits;Base;5;S;S_S;S;If_B_then_S_else_S;B;OpponentHasNumberOfUnits;Barracks;1;S;C;Build;Ranged;EnemyDir;3;S;C;Build;Barracks;EnemyDir;2;S;Empty;S;If_B_then_S_else_S;B;HasNumberOfUnits;Base;4;S;S_S;S;If_B_then_S_else_S;B;OpponentHasNumberOfUnits;Barracks;1;S;C;Build;Ranged;EnemyDir;2;S;C;Build;Barracks;EnemyDir;1;S;Empty;S;C;Build;Barracks;EnemyDir;1;S;If_B_then_S_else_S;B;HasNumberOfUnits;Base;4;S;S_S;S;If_B_then_S_else_S;B;OpponentHasNumberOfUnits;Barracks;1;S;C;Build;Ranged;EnemyDir;2;S;C;Build;Barracks;EnemyDir;1;S;Empty;S;If_B_then_S;B;HasNumberOfUnits;Base;3;S;If_B_then_S;B;OpponentHasNumberOfUnits;Barracks;1;S;C;Build;Ranged;EnemyDir;1;S;If_B_then_S_else_S;B;HasNumberOfUnits;Base;3;S;If_B_then_S_else_S;B;OpponentHasNumberOfUnits;Barracks;1;S;C;Build;Ranged;EnemyDir;1;S;If_B_then_S;B;HasNumberOfUnits;Base;3;S;If_B_then_S;B;OpponentHasNumberOfUnits;Barracks;1;S;C;Build;Ranged;EnemyDir;1;S;If_B_then_S;B;HasNumberOfUnits;Base;2;S;If_B_then_S;B;OpponentHasNumberOfUnits;Barracks;1;S;C;Build;Ranged;EnemyDir;1;S;If_B_then_S_else_S;B;HasNumberOfUnits;Base;2;S;If_B_then_S_else_S;B;OpponentHasNumberOfUnits;Barracks;1;S;C;Build;Ranged;EnemyDir;1;S;If_B_then_S;B;HasNumberOfUnits;Base;2;S;If_B_then_S;B;OpponentHasNumberOfUnits;Barracks;1;S;C;Build;Ranged;EnemyDir;1;S;If_B_then_S;B;HasNumberOfUnits;Base;1;S;If_B_then_S;B;OpponentHasNumberOfUnits;Barracks;1;S;C;Build;Ranged;EnemyDir;1;S;If_B_then_S_else_S;B;HasNumberOfUnits;Base;1;S;If_B_then_S_else_S;B;OpponentHasNumberOfUnits;Barracks;1;S;C;Build;Ranged;EnemyDir;1;S;If_B_then_S;B;HasNumberOfUnits;Base;1;S;If_B_then_S;B;OpponentHasNumberOfUnits;Barracks;1;S;C;Build;Ranged;EnemyDir;1;S;If_B_then_S;B;HasNumberOfUnits;Base;0;S;If_B_then_S;B;OpponentHasNumberOfUnits;Barracks;1;S;C;Build;Ranged;EnemyDir;1;S;If_B_then_S_else_S;B;HasNumberOfUnits;Base;0;S;If_B_then_S_else_S;B;OpponentHasNumberOfUnits;Barracks;1;S;C;Build;Ranged;EnemyDir;1;S;If_B_then_S;B;HasNumberOfUnits;Base;0;S;If_B_then_S;B;OpponentHasNumberOfUnits;Barracks;1;S;C;Build;Ranged;EnemyDir;1;S;If_B_then_S;B;HasNumberOfUnits;Base;0;S;If_B_then_S;B;OpponentHasNumberOfUnits;Barracks;1;S;C;Build;Ranged;EnemyDir;1
4000,S;For_S;S;S_S;S;S_S;S;S_S;S;S_S;S;S_S;S;If_B_then_S_else_S;B;HasNumberOfUnits;Base;5;S;S_S;S;If_B_then_S_else_S;B;OpponentHasNumberOfUnits;Barracks;1;S;C;Build;Ranged;EnemyDir;3;S;C;Build;Barracks;EnemyDir;2;S;Empty;S;If_B_then_S_else_S;B;HasNumberOfUnits;Base;4;S;S_S;S;If_B_then_S_else_S;B;OpponentHasNumberOfUnits;Barracks;1;S;C;Build;Ranged;EnemyDir;2;S;C;Build;Barracks;EnemyDir;1;S;Empty;S;C;Build;Barracks;EnemyDir;1;S;If_B_then_S_else_S;B;HasNumberOfUnits;Base;4;S;S_S;S;If_B_then_S_else_S;B;OpponentHasNumberOfUnits;Barracks;1;S;C;Build;Ranged;EnemyDir;2;S;C;Build;Barracks;EnemyDir;1;S;Empty;S;If_B_then_S;B;HasNumberOfUnits;Base;3;S;If_B_then_S;B;OpponentHasNumberOfUnits;Barracks;1;S;C;Build;Ranged;EnemyDir;1;S;If_B_then_S_else_S;B;HasNumberOfUnits;Base;3;S;If_B_then_S_else_S;B;OpponentHasNumberOfUnits;Barracks;1;S;C;Build;Ranged;EnemyDir;1;S;If_B_then_S;B;HasNumberOfUnits;Base;3;S;If_B_then_S;B;OpponentHasNumberOfUnits;Barracks;1;S;C;Build;Ranged;EnemyDir;1;S;If_B_then_S;B;HasNumberOfUnits;Base;2;S;If_B_then_S;B;OpponentHasNumberOfUnits;Barracks;1;S;C;Build;Ranged;EnemyDir;1;S;If_B_then_S_else_S;B;HasNumberOfUnits;Base;2;S;If_B_then_S_else_S;B;OpponentHasNumberOfUnits;Barracks;1;S;C;Build;Ranged;EnemyDir;1;S;If_B_then_S;B;HasNumberOfUnits;Base;2;S;If_B_then_S;B;OpponentHasNumberOfUnits;Barracks;1;S;C;Build;Ranged;EnemyDir;1;S;If_B_then_S;B;HasNumberOfUnits;Base;1;S;If_B_then_S;B;OpponentHasNumberOfUnits;Barracks;1;S;C;Build;Ranged;EnemyDir;1;S;If_B_then_S_else_S;B;HasNumberOfUnits;Base;1;S;If_B_then_S_else_S;B;OpponentHasNumberOfUnits;Barracks;1;S;C;Build;Ranged;EnemyDir;1;S;If_B_then_S;B;HasNumberOfUnits;Base;1;S;If_B_then_S;B;OpponentHasNumberOfUnits;Barracks;1;S;C;Build;Ranged;EnemyDir;1;S;If_B_then_S;B;HasNumberOfUnits;Base;0;S;If_B_then_S;B;OpponentHasNumberOfUnits;Barracks;1;S;C;Build;Ranged;EnemyDir;1;S;If_B_then_S_else_S;B;HasNumberOfUnits;Base;0;S;If_B_then_S_else_S;B;OpponentHasNumberOfUnits;Barracks;1;S;C;Build;Ranged;EnemyDir;1;S;If_B_then_S;B;HasNumberOfUnits;Base;0;S;If_B_then_S;B;OpponentHasNumberOfUnits;Barracks;1;S;C;Build;Ranged;EnemyDir;1;S;If_B_then_S;B;HasNumberOfUnits;Base;0;S;If_B_then_S;B;OpponentHasNumberOfUnits;Barracks;1;S;C;Build;Ranged;EnemyDir;1
5000,S;For_S;S;S_S;S;S_S;S;S_S;S;S_S;S;S_S;S;If_B_then_S_else_S;B;HasNumberOfUnits;Base;5;S;S_S;S;If_B_then_S_else_S;B;OpponentHasNumberOfUnits;Barracks;1;S;C;Build;Ranged;EnemyDir;3;S;C;Build;Barracks;EnemyDir;2;S;Empty;S;If_B_then_S_else_S;B;HasNumberOfUnits;Base;4;S;S_S;S;If_B_then_S_else_S;B;OpponentHasNumberOfUnits;Barracks;1;S;C;Build;Ranged;EnemyDir;2;S;C;Build;Barracks;EnemyDir;1;S;Empty;S;C;Build;Barracks;EnemyDir;1;S;If_B_then_S_else_S;B;HasNumberOfUnits;Base;4;S;S_S;S;If_B_then_S_else_S;B;OpponentHasNumberOfUnits;Barracks;1;S;C;Build;Ranged;EnemyDir;2;S;C;Build;Barracks;EnemyDir;1;S;Empty;S;If_B_then_S;B;HasNumberOfUnits;Base;3;S;If_B_then_S;B;OpponentHasNumberOfUnits;Barracks;1;S;C;Build;Ranged;EnemyDir;1;S;If_B_then_S_else_S;B;HasNumberOfUnits;Base;3;S;If_B_then_S_else_S;B;OpponentHasNumberOfUnits;Barracks;1;S;C;Build;Ranged;EnemyDir;1;S;If_B_then_S;B;HasNumberOfUnits;Base;3;S;If_B_then_S;B;OpponentHasNumberOfUnits;Barracks;1;S;C;Build;Ranged;EnemyDir;1;S;If_B_then_S;B;HasNumberOfUnits;Base;2;S;If_B_then_S;B;OpponentHasNumberOfUnits;Barracks;1;S;C;Build;Ranged;EnemyDir;1;S;If_B_then_S_else_S;B;HasNumberOfUnits;Base;2;S;If_B_then_S_else_S;B;OpponentHasNumberOfUnits;Barracks;1;S;C;Build;Ranged;EnemyDir;1;S;If_B_then_S;B;HasNumberOfUnits;Base;2;S;If_B_then_S;B;OpponentHasNumberOfUnits;Barracks;1;S;C;Build;Ranged;EnemyDir;1;S;If_B_then_S;B;HasNumberOfUnits;Base;1;S;If_B_then_S;B;OpponentHasNumberOfUnits;Barracks;1;S;C;Build;Ranged;EnemyDir;1;S;If_B_then_S_else_S;B;HasNumberOfUnits;Base;1;S;If_B_then_S_else_S;B;OpponentHasNumberOfUnits;Barracks;1;S;C;Build;Ranged;EnemyDir;1;S;If_B_then_S;B;HasNumberOfUnits;Base;1;S;If_B_then_S;B;OpponentHasNumberOfUnits;Barracks;1;S;C;Build;Ranged;EnemyDir;1;S;If_B_then_S;B;HasNumberOfUnits;Base;0;S;If_B_then_S;B;OpponentHasNumberOfUnits;Barracks;1;S;C;Build;Ranged;EnemyDir;1;S;If_B_then_S_else_S;B;HasNumberOfUnits;Base;0;S;If_B_then_S_else_S;B;OpponentHasNumberOfUnits;Barracks;1;S;C;Build;Ranged;EnemyDir;1;S;If_B_then_S;B;HasNumberOfUnits;Base;0;S;If_B_then_S;B;OpponentHasNumberOfUnits;Barracks;1;S;C;Build;Ranged;EnemyDir;1;S;If_B_then_S;B;HasNumberOfUnits;Base;0;S;If_B_then_S;B;OpponentHasNumberOfUnits;Barracks;1;S;C;Build;Ranged;EnemyDir;1
6000,S;For_S;S;S_S;S;S_S;S;S_S;S;S_S;S;S_S;S;If_B_then_S_else_S;B;HasNumberOfUnits;Base;5;S;S_S;S;If_B_then_S_else_S;B;OpponentHasNumberOfUnits;Barracks;1;S;C;Build;Ranged;EnemyDir;3;S;C;Build;Barracks;EnemyDir;2;S;Empty;S;If_B_then_S_else_S;B;HasNumberOfUnits;Base;4;S;S_S;S;If_B_then_S_else_S;B;OpponentHasNumberOfUnits;Barracks;1;S;C;Build;Ranged;EnemyDir;2;S;C;Build;Barracks;EnemyDir;1;S;Empty;S;C;Build;Barracks;EnemyDir;1;S;If_B_then_S_else_S;B;HasNumberOfUnits;Base;4;S;S_S;S;If_B_then_S_else_S;B;OpponentHasNumberOfUnits;Barracks;1;S;C;Build;Ranged;EnemyDir;2;S;C;Build;Barracks;EnemyDir;1;S;Empty;S;If_B_then_S;B;HasNumberOfUnits;Base;3;S;If_B_then_S;B;OpponentHasNumberOfUnits;Barracks;1;S;C;Build;Ranged;EnemyDir;1;S;If_B_then_S_else_S;B;HasNumberOfUnits;Base;3;S;If_B_then_S_else_S;B;OpponentHasNumberOfUnits;Barracks;1;S;C;Build;Ranged;EnemyDir;1;S;If_B_then_S;B;HasNumberOfUnits;Base;3;S;If_B_then_S;B;OpponentHasNumberOfUnits;Barracks;1;S;C;Build;Ranged;EnemyDir;1;S;If_B_then_S;B;HasNumberOfUnits;Base;2;S;If_B_then_S;B;OpponentHasNumberOfUnits;Barracks;1;S;C;Build;Ranged;EnemyDir;1;S;If_B_then_S_else_S;B;HasNumberOfUnits;Base;2;S;If_B_then_S_else_S;B;OpponentHasNumberOfUnits;Barracks;1;S;C;Build;Ranged;EnemyDir;1;S;If_B_then_S;B;HasNumberOfUnits;Base;2;S;If_B_then_S;B;OpponentHasNumberOfUnits;Barracks;1;S;C;Build;Ranged;EnemyDir;1;S;If_B_then_S;B;HasNumberOfUnits;Base;1;S;If_B_then_S;B;OpponentHasNumberOfUnits;Barracks;1;S;C;Build;Ranged;EnemyDir;1;S;If_B_then_S_else_S;B;HasNumberOfUnits;Base;1;S;If_B_then_S_else_S;B;OpponentHasNumberOfUnits;Barracks;1;S;C;Build;Ranged;EnemyDir;1;S;If_B_then_S;B;HasNumberOfUnits;Base;1;S;If_B_then_S;B;OpponentHasNumberOfUnits;Barracks;1;S;C;Build;Ranged;EnemyDir;1;S;If_B_then_S;B;HasNumberOfUnits;Base;0;S;If_B_then_S;B;OpponentHasNumberOfUnits;Barracks;1;S;C;Build;Ranged;EnemyDir;1;S;If_B_then_S_else_S;B;HasNumberOfUnits;Base;0;S;If_B_then_S_else_S;B;OpponentHasNumberOfUnits;Barracks;1;S;C;Build;Ranged;EnemyDir;1;S;If_B_then_S;B;HasNumberOfUnits;Base;0;S;If_B_then_S;B;OpponentHasNumberOfUnits;Barracks;1;S;C;Build;Ranged;EnemyDir;1;S;If_B_then_S;B;HasNumberOfUnits;Base;0;S;If_B_then_S;B;OpponentHasNumberOfUnits;Barracks;1;S;C;Build;Ranged;EnemyDir;1
7000,S;For_S;S;S_S;S;S_S;S;S_S;S;S_S;S;S_S;S;If_B_then_S_else_S;B;HasNumberOfUnits;Base;5;S;S_S;S;If_B_then_S_else_S;B;OpponentHasNumberOfUnits;Barracks;1;S;C;Build;Ranged;EnemyDir;3;S;C;Build;Barracks;EnemyDir;2;S;Empty;S;If_B_then_S_else_S;B;HasNumberOfUnits;Base;4;S;S_S;S;If_B_then_S_else_S;B;OpponentHasNumberOfUnits;Barracks;1;S;C;Build;Ranged;EnemyDir;2;S;C;Build;Barracks;EnemyDir;1;S;Empty;S;C;Build;Barracks;EnemyDir;1;S;If_B_then_S_else_S;B;HasNumberOfUnits;Base;4;S;S_S;S;If_B_then_S_else_S;B;OpponentHasNumberOfUnits;Barracks;1;S;C;Build;Ranged;EnemyDir;2;S;C;Build;Barracks;EnemyDir;1;S;Empty;S;If_B_then_S;B;HasNumberOfUnits;Base;3;S;If_B_then_S;B;OpponentHasNumberOfUnits;Barracks;1;S;C;Build;Ranged;EnemyDir;1;S;If_B_then_S_else_S;B;HasNumberOfUnits;Base;3;S;If_B_then_S_else_S;B;OpponentHasNumberOfUnits;Barracks;1;S;C;Build;Ranged;EnemyDir;1;S;If_B_then_S;B;HasNumberOfUnits;Base;3;S;If_B_then_S;B;OpponentHasNumberOfUnits;Barracks;1;S;C;Build;Ranged;EnemyDir;1;S;If_B_then_S;B;HasNumberOfUnits;Base;2;S;If_B_then_S;B;OpponentHasNumberOfUnits;Barracks;1;S;C;Build;Ranged;EnemyDir;1;S;If_B_then_S_else_S;B;HasNumberOfUnits;Base;2;S;If_B_then_S_else_S;B;OpponentHasNumberOfUnits;Barracks;1;S;C;Build;Ranged;EnemyDir;1;S;If_B_then_S;B;HasNumberOfUnits;Base;2;S;If_B_then_S;B;OpponentHasNumberOfUnits;Barracks;1;S;C;Build;Ranged;EnemyDir;1;S;If_B_then_S;B;HasNumberOfUnits;Base;1;S;If_B_then_S;B;OpponentHasNumberOfUnits;Barracks;1;S;C;Build;Ranged;EnemyDir;1;S;If_B_then_S_else_S;B;HasNumberOfUnits;Base;1;S;If_B_then_S_else_S;B;OpponentHasNumberOfUnits;Barracks;1;S;C;Build;Ranged;EnemyDir;1;S;If_B_then_S;B;HasNumberOfUnits;Base;1;S;If_B_then_S;B;OpponentHasNumberOfUnits;Barracks;1;S;C;Build;Ranged;EnemyDir;1;S;If_B_then_S;B;HasNumberOfUnits;Base;0;S;If_B_then_S;B;OpponentHasNumberOfUnits;Barracks;1;S;C;Build;Ranged;EnemyDir;1;S;If_B_then_S_else_S;B;HasNumberOfUnits;Base;0;S;If_B_then_S_else_S;B;OpponentHasNumberOfUnits;Barracks;1;S;C;Build;Ranged;EnemyDir;1;S;If_B_then_S;B;HasNumberOfUnits;Base;0;S;If_B_then_S;B;OpponentHasNumberOfUnits;Barracks;1;S;C;Build;Ranged;EnemyDir;1;S;If_B_then_S;B;HasNumberOfUnits;Base;0;S;If_B_then_S;B;OpponentHasNumberOfUnits;Barracks;1;S;C;Build;Ranged;EnemyDir;1
8000,S;For_S;S;S_S;S;S_S;S;S_S;S;S_S;S;S_S;S;If_B_then_S_else_S;B;HasNumberOfUnits;Base;5;S;S_S;S;If_B_then_S_else_S;B;OpponentHasNumberOfUnits;Barracks;1;S;C;Build;Ranged;EnemyDir;3;S;C;Build;Barracks;EnemyDir;2;S;Empty;S;If_B_then_S_else_S;B;HasNumberOfUnits;Base;4;S;S_S;S;If_B_then_S_else_S;B;OpponentHasNumberOfUnits;Barracks;1;S;C;Build;Ranged;EnemyDir;2;S;C;Build;Barracks;EnemyDir;1;S;Empty;S;C;Build;Barracks;EnemyDir;1;S;If_B_then_S_else_S;B;HasNumberOfUnits;Base;4;S;S_S;S;If_B_then_S_else_S;B;OpponentHasNumberOfUnits;Barracks;1;S;C;Build;Ranged;EnemyDir;2;S;C;Build;Barracks;EnemyDir;1;S;Empty;S;If_B_then_S;B;HasNumberOfUnits;Base;3;S;If_B_then_S;B;OpponentHasNumberOfUnits;Barracks;1;S;C;Build;Ranged;EnemyDir;1;S;If_B_then_S_else_S;B;HasNumberOfUnits;Base;3;S;If_B_then_S_else_S;B;OpponentHasNumberOfUnits;Barracks;1;S;C;Build;Ranged;EnemyDir;1;S;If_B_then_S;B;HasNumberOfUnits;Base;3;S;If_B_then_S;B;OpponentHasNumberOfUnits;Barracks;1;S;C;Build;Ranged;EnemyDir;1;S;If_B_then_S;B;HasNumberOfUnits;Base;2;S;If_B_then_S;B;OpponentHasNumberOfUnits;Barracks;1;S;C;Build;Ranged;EnemyDir;1;S;If_B_then_S_else_S;B;HasNumberOfUnits;Base;2;S;If_B_then_S_else_S;B;OpponentHasNumberOfUnits;Barracks;1;S;C;Build;Ranged;EnemyDir;1;S;If_B_then_S;B;HasNumberOfUnits;Base;2;S;If_B_then_S;B;OpponentHasNumberOfUnits;Barracks;1;S;C;Build;Ranged;EnemyDir;1;S;If_B_then_S;B;HasNumberOfUnits;Base;1;S;If_B_then_S;B;OpponentHasNumberOfUnits;Barracks;1;S;C;Build;Ranged;EnemyDir;1;S;If_B_then_S_else_S;B;HasNumberOfUnits;Base;1;S;If_B_then_S_else_S;B;OpponentHasNumberOfUnits;Barracks;1;S;C;Build;Ranged;EnemyDir;1;S;If_B_then_S;B;HasNumberOfUnits;Base;1;S;If_B_then_S;B;OpponentHasNumberOfUnits;Barracks;1;S;C;Build;Ranged;EnemyDir;1;S;If_B_then_S;B;HasNumberOfUnits;Base;0;S;If_B_then_S;B;OpponentHasNumberOfUnits;Barracks;1;S;C;Build;Ranged;EnemyDir;1;S;If_B_then_S_else_S;B;HasNumberOfUnits;Base;0;S;If_B_then_S_else_S;B;OpponentHasNumberOfUnits;Barracks;1;S;C;Build;Ranged;EnemyDir;1;S;If_B_then_S;B;HasNumberOfUnits;Base;0;S;If_B_then_S;B;OpponentHasNumberOfUnits;Barracks;1;S;C;Build;Ranged;EnemyDir;1;S;If_B_then_S;B;HasNumberOfUnits;Base;0;S;If_B_then_S;B;OpponentHasNumberOfUnits;Barracks;1;S;C;Build;Ranged;EnemyDir;1
9000,S;For_S;S;S_S;S;S_S;S;S_S;S;S_S;S;S_S;S;If_B_then_S_else_S;B;HasNumberOfUnits;Base;5;S;S_S;S;If_B_then_S_else_S;B;OpponentHasNumberOfUnits;Barracks;1;S;C;Build;Ranged;EnemyDir;3;S;C;Build;Barracks;EnemyDir;2;S;Empty;S;If_B_then_S_else_S;B;HasNumberOfUnits;Base;4;S;S_S;S;If_B_then_S_else_S;B;OpponentHasNumberOfUnits;Barracks;1;S;C;Build;Ranged;EnemyDir;2;S;C;Build;Barracks;EnemyDir;1;S;Empty;S;C;Build;Barracks;EnemyDir;1;S;If_B_then_S_else_S;B;HasNumberOfUnits;Base;4;S;S_S;S;If_B_then_S_else_S;B;OpponentHasNumberOfUnits;Barracks;1;S;C;Build;Ranged;EnemyDir;2;S;C;Build;Barracks;EnemyDir;1;S;Empty;S;If_B_then_S;B;HasNumberOfUnits;Base;3;S;If_B_then_S;B;OpponentHasNumberOfUnits;Barracks;1;S;C;Build;Ranged;EnemyDir;1;S;If_B_then_S_else_S;B;HasNumberOfUnits;Base;3;S;If_B_then_S_else_S;B;OpponentHasNumberOfUnits;Barracks;1;S;C;Build;Ranged;EnemyDir;1;S;If_B_then_S;B;HasNumberOfUnits;Base;3;S;If_B_then_S;B;OpponentHasNumberOfUnits;Barracks;1;S;C;Build;Ranged;EnemyDir;1;S;If_B_then_S;B;HasNumberOfUnits;Base;2;S;If_B_then_S;B;OpponentHasNumberOfUnits;Barracks;1;S;C;Build;Ranged;EnemyDir;1;S;If_B_then_S_else_S;B;HasNumberOfUnits;Base;2;S;If_B_then_S_else_S;B;OpponentHasNumberOfUnits;Barracks;1;S;C;Build;Ranged;EnemyDir;1;S;If_B_then_S;B;HasNumberOfUnits;Base;2;S;If_B_then_S;B;OpponentHasNumberOfUnits;Barracks;1;S;C;Build;Ranged;EnemyDir;1;S;If_B_then_S;B;HasNumberOfUnits;Base;1;S;If_B_then_S;B;OpponentHasNumberOfUnits;Barracks;1;S;C;Build;Ranged;EnemyDir;1;S;If_B_then_S_else_S;B;HasNumberOfUnits;Base;1;S;If_B_then_S_else_S;B;OpponentHasNumberOfUnits;Barracks;1;S;C;Build;Ranged;EnemyDir;1;S;If_B_then_S;B;HasNumberOfUnits;Base;1;S;If_B_then_S;B;OpponentHasNumberOfUnits;Barracks;1;S;C;Build;Ranged;EnemyDir;1;S;If_B_then_S;B;HasNumberOfUnits;Base;0;S;If_B_then_S;B;OpponentHasNumberOfUnits;Barracks;1;S;C;Build;Ranged;EnemyDir;1;S;If_B_then_S_else_S;B;HasNumberOfUnits;Base;0;S;If_B_then_S_else_S;B;OpponentHasNumberOfUnits;Barracks;1;S;C;Build;Ranged;EnemyDir;1;S;If_B_then_S;B;HasNumberOfUnits;Base;0;S;If_B_then_S;B;OpponentHasNumberOfUnits;Barracks;1;S;C;Build;Ranged;EnemyDir;1;S;If_B_then_S;B;HasNumberOfUnits;Base;0;S;If_B_then_S;B;OpponentHasNumberOfUnits;Barracks;1;S;C;Build;Ranged;EnemyDir;1
10000,S;For_S;S;S_S;S;S_S;S;S_S;S;S_S;S;S_S;S;If_B_then_S_else_S;B;HasNumberOfUnits;Base;5;S;S_S;S;If_B_then_S_else_S;B;OpponentHasNumberOfUnits;Barracks;1;S;C;Build;Ranged;EnemyDir;3;S;C;Build;Barracks;EnemyDir;2;S;Empty;S;If_B_then_S_else_S;B;HasNumberOfUnits;Base;4;S;S_S;S;If_B_then_S_else_S;B;OpponentHasNumberOfUnits;Barracks;1;S;C;Build;Ranged;EnemyDir;2;S;C;Build;Barracks;EnemyDir;1;S;Empty;S;C;Build;Barracks;EnemyDir;1;S;If_B_then_S_else_S;B;HasNumberOfUnits;Base;4;S;S_S;S;If_B_then_S_else_S;B;OpponentHasNumberOfUnits;Barracks;1;S;C;Build;Ranged;EnemyDir;2;S;C;Build;Barracks;EnemyDir;1;S;Empty;S;If_B_then_S;B;HasNumberOfUnits;Base;3;S;If_B_then_S;B;OpponentHasNumberOfUnits;Barracks;1;S;C;Build;Ranged;EnemyDir;1;S;If_B_then_S_else_S;B;HasNumberOfUnits;Base;3;S;If_B_then_S_else_S;B;OpponentHasNumberOfUnits;Barracks;1;S;C;Build;Ranged;EnemyDir;1;S;If_B_then_S;B;HasNumberOfUnits;Base;3;S;If_B_then_S;B;OpponentHasNumberOfUnits;Barracks;1;S;C;Build;Ranged;EnemyDir;1;S;If_B_then_S;B;HasNumberOfUnits;Base;2;S;If_B_then_S;B;OpponentHasNumberOfUnits;Barracks;1;S;C;Build;Ranged;EnemyDir;1;S;If_B_then_S_else_S;B;HasNumberOfUnits;Base;2;S;If_B_then_S_else_S;B;OpponentHasNumberOfUnits;Barracks;1;S;C;Build;Ranged;EnemyDir;1;S;If_B_then_S;B;HasNumberOfUnits;Base;2;S;If_B_then_S;B;OpponentHasNumberOfUnits;Barracks;1;S;C;Build;Ranged;EnemyDir;1;S;If_B_then_S;B;HasNumberOfUnits;Base;1;S;If_B_then_S;B;OpponentHasNumberOfUnits;Barracks;1;S;C;Build;Ranged;EnemyDir;1;S;If_B_then_S_else_S;B;HasNumberOfUnits;Base;1;S;If_B_then_S_else_S;B;OpponentHasNumberOfUnits;Barracks;1;S;C;Build;Ranged;EnemyDir;1;S;If_B_then_S;B;HasNumberOfUnits;Base;1;S;If_B_then_S;B;OpponentHasNumberOfUnits;Barracks;1;S;C;Build;Ranged;EnemyDir;1;S;If_B_then_S;B;HasNumberOfUnits;Base;0;S;If_B_then_S;B;OpponentHasNumberOfUnits;Barracks;1;S;C;Build;Ranged;EnemyDir;1;S;If_B_then_S_else_S;B;HasNumberOfUnits;Base;0;S;If_B_then_S_else_S;B;OpponentHasNumberOfUnits;Barracks;1;S;C;Build;Ranged;EnemyDir;1;S;If_B_then_S;B;HasNumberOfUnits;Base;0;S;If_B_then_S;B;OpponentHasNumberOfUnits;Barracks;1;S;C;Build;Ranged;EnemyDir;1;S;If_B_then_S;B;HasNumberOfUnits;Base;0;S;If_B_then_S;B;OpponentHasNumberOfUnits;Barracks;1;S;C;Build;Ranged;EnemyDir;1
11000,S;For_S;S;S_S;S;S_S;S;S_S;S;S_S;S;S_S;S;If_B_then_S_else_S;B;HasNumberOfUnits;Base;5;S;S_S;S;If_B_then_S_else_S;B;OpponentHasNumberOfUnits;Barracks;1;S;C;Build;Ranged;EnemyDir;3;S;C;Build;Barracks;EnemyDir;2;S;Empty;S;If_B_then_S_else_S;B;HasNumberOfUnits;Base;4;S;S_S;S;If_B_then_S_else_S;B;OpponentHasNumberOfUnits;Barracks;1;S;C;Build;Ranged;EnemyDir;2;S;C;Build;Barracks;EnemyDir;1;S;Empty;S;C;Build;Barracks;EnemyDir;1;S;If_B_then_S_else_S;B;HasNumberOfUnits;Base;4;S;S_S;S;If_B_then_S_else_S;B;OpponentHasNumberOfUnits;Barracks;1;S;C;Build;Ranged;EnemyDir;2;S;C;Build;Barracks;EnemyDir;1;S;Empty;S;If_B_then_S;B;HasNumberOfUnits;Base;3;S;If_B_then_S;B;OpponentHasNumberOfUnits;Barracks;1;S;C;Build;Ranged;EnemyDir;1;S;If_B_then_S_else_S;B;HasNumberOfUnits;Base;3;S;If_B_then_S_else_S;B;OpponentHasNumberOfUnits;Barracks;1;S;C;Build;Ranged;EnemyDir;1;S;If_B_then_S;B;HasNumberOfUnits;Base;3;S;If_B_then_S;B;OpponentHasNumberOfUnits;Barracks;1;S;C;Build;Ranged;EnemyDir;1;S;If_B_then_S;B;HasNumberOfUnits;Base;2;S;If_B_then_S;B;OpponentHasNumberOfUnits;Barracks;1;S;C;Build;Ranged;EnemyDir;1;S;If_B_then_S_else_S;B;HasNumberOfUnits;Base;2;S;If_B_then_S_else_S;B;OpponentHasNumberOfUnits;Barracks;1;S;C;Build;Ranged;EnemyDir;1;S;If_B_then_S;B;HasNumberOfUnits;Base;2;S;If_B_then_S;B;OpponentHasNumberOfUnits;Barracks;1;S;C;Build;Ranged;EnemyDir;1;S;If_B_then_S;B;HasNumberOfUnits;Base;1;S;If_B_then_S;B;OpponentHasNumberOfUnits;Barracks;1;S;C;Build;Ranged;EnemyDir;1;S;If_B_then_S_else_S;B;HasNumberOfUnits;Base;1;S;If_B_then_S_else_S;B;OpponentHasNumberOfUnits;Barracks;1;S;C;Build;Ranged;EnemyDir;1;S;If_B_then_S;B;HasNumberOfUnits;Base;1;S;If_B_then_S;B;OpponentHasNumberOfUnits;Barracks;1;S;C;Build;Ranged;EnemyDir;1;S;If_B_then_S;B;HasNumberOfUnits;Base;0;S;If_B_then_S;B;OpponentHasNumberOfUnits;Barracks;1;S;C;Build;Ranged;EnemyDir;1;S;If_B_then_S_else_S;B;HasNumberOfUnits;Base;0;S;If_B_then_S_else_S;B;OpponentHasNumberOfUnits;Barracks;1;S;C;Build;Ranged;EnemyDir;1;S;If_B_then_S;B;HasNumberOfUnits;Base;0;S;If_B_then_S;B;OpponentHasNumberOfUnits;Barracks;1;S;C;Build;Ranged;EnemyDir;1;S;If_B_then_S;B;HasNumberOfUnits;Base;0;S;If_B_then_S;B;OpponentHasNumberOfUnits;Barracks;1;S;C;Build;Ranged;EnemyDir;1
12000,S;For_S;S;S_S;S;S_S;S;S_S;S;S_S;S;S_S;S;If_B_then_S_else_S;B;HasNumberOfUnits;Base;5;S;S_S;S;If_B_then_S_else_S;B;OpponentHasNumberOfUnits;Barracks;1;S;C;Build;Ranged;EnemyDir;3;S;C;Build;Barracks;EnemyDir;2;S;Empty;S;If_B_then_S_else_S;B;HasNumberOfUnits;Base;4;S;S_S;S;If_B_then_S_else_S;B;OpponentHasNumberOfUnits;Barracks;1;S;C;Build;Ranged;EnemyDir;2;S;C;Build;Barracks;EnemyDir;1;S;Empty;S;C;Build;Barracks;EnemyDir;1;S;If_B_then_S_else_S;B;HasNumberOfUnits;Base;4;S;S_S;S;If_B_then_S_else_S;B;OpponentHasNumberOfUnits;Barracks;1;S;C;Build;Ranged;EnemyDir;2;S;C;Build;Barracks;EnemyDir;1;S;Empty;S;If_B_then_S;B;HasNumberOfUnits;Base;3;S;If_B_then_S;B;OpponentHasNumberOfUnits;Barracks;1;S;C;Build;Ranged;EnemyDir;1;S;If_B_then_S_else_S;B;HasNumberOfUnits;Base;3;S;If_B_then_S_else_S;B;OpponentHasNumberOfUnits;Barracks;1;S;C;Build;Ranged;EnemyDir;1;S;If_B_then_S;B;HasNumberOfUnits;Base;3;S;If_B_then_S;B;OpponentHasNumberOfUnits;Barracks;1;S;C;Build;Ranged;EnemyDir;1;S;If_B_then_S;B;HasNumberOfUnits;Base;2;S;If_B_then_S;B;OpponentHasNumberOfUnits;Barracks;1;S;C;Build;Ranged;EnemyDir;1;S;If_B_then_S_else_S;B;HasNumberOfUnits;Base;2;S;If_B_then_S_else_S;B;OpponentHasNumberOfUnits;Barracks;1;S;C;Build;Ranged;EnemyDir;1;S;If_B_then_S;B;HasNumberOfUnits;Base;2;S;If_B_then_S;B;OpponentHasNumberOfUnits;Barracks;1;S;C;Build;Ranged;EnemyDir;1;S;If_B_then_S;B;HasNumberOfUnits;Base;1;S;If_B_then_S;B;OpponentHasNumberOfUnits;Barracks;1;S;C;Build;Ranged;EnemyDir;1;S;If_B_then_S_else_S;B;HasNumberOfUnits;Base;1;S;If_B_then_S_else_S;B;OpponentHasNumberOfUnits;Barracks;1;S;C;Build;Ranged;EnemyDir;1;S;If_B_then_S;B;HasNumberOfUnits;Base;1;S;If_B_then_S;B;OpponentHasNumberOfUnits;Barracks;1;S;C;Build;Ranged;EnemyDir;1;S;If_B_then_S;B;HasNumberOfUnits;Base;0;S;If_B_then_S;B;OpponentHasNumberOfUnits;Barracks;1;S;C;Build;Ranged;EnemyDir;1;S;If_B_then_S_else_S;B;HasNumberOfUnits;Base;0;S;If_B_then_S_else_S;B;OpponentHasNumberOfUnits;Barracks;1;S;C;Build;Ranged;EnemyDir;1;S;If_B_then_S;B;HasNumberOfUnits;Base;0;S;If_B_then_S;B;OpponentHasNumberOfUnits;Barracks;1;S;C;Build;Ranged;EnemyDir;1;S;If_B_then_S;B;HasNumberOfUnits;Base;0;S;If_B_then_S;B;OpponentHasNumberOfUnits;Barracks;1;S;C;Build;Ranged;EnemyDir;1
13000,S;For_S;S;S_S;S;S_S;S;S_S;S;S_S;S;S_S;S;If_B_then_S_else_S;B;HasNumberOfUnits;Base;5;S;S_S;S;If_B_then_S_else_S;B;OpponentHasNumberOfUnits;Barracks;1;S;C;Build;Ranged;EnemyDir;3;S;C;Build;Barracks;EnemyDir;2;S;Empty;S;If_B_then_S_else_S;B;HasNumberOfUnits;Base;4;S;S_S;S;If_B_then_S_else_S;B;OpponentHasNumberOfUnits;Barracks;1;S;C;Build;Ranged;EnemyDir;2;S;C;Build;Barracks;EnemyDir;1;S;Empty;S;C;Build;Barracks;EnemyDir;1;S;If_B_then_S_else_S;B;HasNumberOfUnits;Base;4;S;S_S;S;If_B_then_S_else_S;B;OpponentHasNumberOfUnits;Barracks;1;S;C;Build;Ranged;EnemyDir;2;S;C;Build;Barracks;EnemyDir;1;S;Empty;S;If_B_then_S;B;HasNumberOfUnits;Base;3;S;If_B_then_S;B;OpponentHasNumberOfUnits;Barracks;1;S;C;Build;Ranged;EnemyDir;1;S;If_B_then_S_else_S;B;HasNumberOfUnits;Base;3;S;If_B_then_S_else_S;B;OpponentHasNumberOfUnits;Barracks;1;S;C;Build;Ranged;EnemyDir;1;S;If_B_then_S;B;HasNumberOfUnits;Base;3;S;If_B_then_S;B;OpponentHasNumberOfUnits;Barracks;1;S;C;Build;Ranged;EnemyDir;1;S;If_B_then_S;B;HasNumberOfUnits;Base;2;S;If_B_then_S;B;OpponentHasNumberOfUnits;Barracks;1;S;C;Build;Ranged;EnemyDir;1;S;If_B_then_S_else_S;B;HasNumberOfUnits;Base;2;S;If_B_then_S_else_S;B;OpponentHasNumberOfUnits;Barracks;1;S;C;Build;Ranged;EnemyDir;1;S;If_B_then_S;B;HasNumberOfUnits;Base;2;S;If_B_then_S;B;OpponentHasNumberOfUnits;Barracks;1;S;C;Build;Ranged;EnemyDir;1;S;If_B_then_S;B;HasNumberOfUnits;Base;1;S;If_B_then_S;B;OpponentHasNumberOfUnits;Barracks;1;S;C;Build;Ranged;EnemyDir;1;S;If_B_then_S_else_S;B;HasNumberOfUnits;Base;1;S;If_B_then_S_else_S;B;OpponentHasNumberOfUnits;Barracks;1;S;C;Build;Ranged;EnemyDir;1;S;If_B_then_S;B;HasNumberOfUnits;Base;1;S;If_B_then_S;B;OpponentHasNumberOfUnits;Barracks;1;S;C;Build;Ranged;EnemyDir;1;S;If_B_then_S;B;HasNumberOfUnits;Base;0;S;If_B_then_S;B;OpponentHasNumberOfUnits;Barracks;1;S;C;Build;Ranged;EnemyDir;1;S;If_B_then_S_else_S;B;HasNumberOfUnits;Base;0;S;If_B_then_S_else_S;B;OpponentHasNumberOfUnits;Barracks;1;S;C;Build;Ranged;EnemyDir;1;S;If_B_then_S;B;HasNumberOfUnits;Base;0;S;If_B_then_S;B;OpponentHasNumberOfUnits;Barracks;1;S;C;Build;Ranged;EnemyDir;1;S;If_B_then_S;B;HasNumberOfUnits;Base;0;S;If_B_then_S;B;OpponentHasNumberOfUnits;Barracks;1;S;C;Build;Ranged;EnemyDir;1
14000,S;For_S;S;S_S;S;S_S;S;S_S;S;S_S;S;S_S;S;If_B_then_S_else_S;B;HasNumberOfUnits;Base;5;S;S_S;S;If_B_then_S_else_S;B;OpponentHasNumberOfUnits;Barracks;1;S;C;Build;Ranged;EnemyDir;3;S;C;Build;Barracks;EnemyDir;2;S;Empty;S;If_B_then_S_else_S;B;HasNumberOfUnits;Base;4;S;S_S;S;If_B_then_S_else_S;B;OpponentHasNumberOfUnits;Barracks;1;S;C;Build;Ranged;EnemyDir;2;S;C;Build;Barracks;EnemyDir;1;S;Empty;S;C;Build;Barracks;EnemyDir;1;S;If_B_then_S_else_S;B;HasNumberOfUnits;Base;4;S;S_S;S;If_B_then_S_else_S;B;OpponentHasNumberOfUnits;Barracks;1;S;C;Build;Ranged;EnemyDir;2;S;C;Build;Barracks;EnemyDir;1;S;Empty;S;If_B_then_S;B;HasNumberOfUnits;Base;3;S;If_B_then_S;B;OpponentHasNumberOfUnits;Barracks;1;S;C;Build;Ranged;EnemyDir;1;S;If_B_then_S_else_S;B;HasNumberOfUnits;Base;3;S;If_B_then_S_else_S;B;OpponentHasNumberOfUnits;Barracks;1;S;C;Build;Ranged;EnemyDir;1;S;If_B_then_S;B;HasNumberOfUnits;Base;3;S;If_B_then_S;B;OpponentHasNumberOfUnits;Barracks;1;S;C;Build;Ranged;EnemyDir;1;S;If_B_then_S;B;HasNumberOfUnits;Base;2;S;If_B_then_S;B;OpponentHasNumberOfUnits;Barracks;1;S;C;Build;Ranged;EnemyDir;1;S;If_B_then_S_else_S;B;HasNumberOfUnits;Base;2;S;If_B_then_S_else_S;B;OpponentHasNumberOfUnits;Barracks;1;S;C;Build;Ranged;EnemyDir;1;S;If_B_then_S;B;HasNumberOfUnits;Base;2;S;If_B_then_S;B;OpponentHasNumberOfUnits;Barracks;1;S;C;Build;Ranged;EnemyDir;1;S;If_B_then_S;B;HasNumberOfUnits;Base;1;S;If_B_then_S;B;OpponentHasNumberOfUnits;Barracks;1;S;C;Build;Ranged;EnemyDir;1;S;If_B_then_S_else_S;B;HasNumberOfUnits;Base;1;S;If_B_then_S_else_S;B;OpponentHasNumberOfUnits;Barracks;1;S;C;Build;Ranged;EnemyDir;1;S;If_B_then_S;B;HasNumberOfUnits;Base;1;S;If_B_then_S;B;OpponentHasNumberOfUnits;Barracks;1;S;C;Build;Ranged;EnemyDir;1;S;If_B_then_S;B;HasNumberOfUnits;Base;0;S;If_B_then_S;B;OpponentHasNumberOfUnits;Barracks;1;S;C;Build;Ranged;EnemyDir;1;S;If_B_then_S_else_S;B;HasNumberOfUnits;Base;0;S;If_B_then_S_else_S;B;OpponentHasNumberOfUnits;Barracks;1;S;C;Build;Ranged;EnemyDir;1;S;If_B_then_S;B;HasNumberOfUnits;Base;0;S;If_B_then_S;B;OpponentHasNumberOfUnits;Barracks;1;S;C;Build;Ranged;EnemyDir;1;S;If_B_then_S;B;HasNumberOfUnits;Base;0;S;If_B_then_S;B;OpponentHasNumberOfUnits;Barracks;1;S;C;Build;Ranged;EnemyDir;1
15000,S;For_S;S;S_S;S;S_S;S;S_S;S;S_S;S;S_S;S;If_B_then_S_else_S;B;HasNumberOfUnits;Base;5;S;S_S;S;If_B_then_S_else_S;B;OpponentHasNumberOfUnits;Barracks;1;S;C;Build;Ranged;EnemyDir;3;S;C;Build;Barracks;EnemyDir;2;S;Empty;S;If_B_then_S_else_S;B;HasNumberOfUnits;Base;4;S;S_S;S;If_B_then_S_else_S;B;OpponentHasNumberOfUnits;Barracks;1;S;C;Build;Ranged;EnemyDir;2;S;C;Build;Barracks;EnemyDir;1;S;Empty;S;C;Build;Barracks;EnemyDir;1;S;If_B_then_S_else_S;B;HasNumberOfUnits;Base;4;S;S_S;S;If_B_then_S_else_S;B;OpponentHasNumberOfUnits;Barracks;1;S;C;Build;Ranged;EnemyDir;2;S;C;Build;Barracks;EnemyDir;1;S;Empty;S;If_B_then_S;B;HasNumberOfUnits;Base;3;S;If_B_then_S;B;OpponentHasNumberOfUnits;Barracks;1;S;C;Build;Ranged;EnemyDir;1;S;If_B_then_S_else_S;B;HasNumberOfUnits;Base;3;S;If_B_then_S_else_S;B;OpponentHasNumberOfUnits;Barracks;1;S;C;Build;Ranged;EnemyDir;1;S;If_B_then_S;B;HasNumberOfUnits;Base;3;S;If_B_then_S;B;OpponentHasNumberOfUnits;Barracks;1;S;C;Build;Ranged;EnemyDir;1;S;If_B_then_S;B;HasNumberOfUnits;Base;2;S;If_B_then_S;B;OpponentHasNumberOfUnits;Barracks;1;S;C;Build;Ranged;EnemyDir;1;S;If_B_then_S_else_S;B;HasNumberOfUnits;Base;2;S;If_B_then_S_else_S;B;OpponentHasNumberOfUnits;Barracks;1;S;C;Build;Ranged;EnemyDir;1;S;If_B_then_S;B;HasNumberOfUnits;Base;2;S;If_B_then_S;B;OpponentHasNumberOfUnits;Barracks;1;S;C;Build;Ranged;EnemyDir;1;S;If_B_then_S;B;HasNumberOfUnits;Base;1;S;If_B_then_S;B;OpponentHasNumberOfUnits;Barracks;1;S;C;Build;Ranged;EnemyDir;1;S;If_B_then_S_else_S;B;HasNumberOfUnits;Base;1;S;If_B_then_S_else_S;B;OpponentHasNumberOfUnits;Barracks;1;S;C;Build;Ranged;EnemyDir;1;S;If_B_then_S;B;HasNumberOfUnits;Base;1;S;If_B_then_S;B;OpponentHasNumberOfUnits;Barracks;1;S;C;Build;Ranged;EnemyDir;1;S;If_B_then_S;B;HasNumberOfUnits;Base;0;S;If_B_then_S;B;OpponentHasNumberOfUnits;Barracks;1;S;C;Build;Ranged;EnemyDir;1;S;If_B_then_S_else_S;B;HasNumberOfUnits;Base;0;S;If_B_then_S_else_S;B;OpponentHasNumberOfUnits;Barracks;1;S;C;Build;Ranged;EnemyDir;1;S;If_B_then_S;B;HasNumberOfUnits;Base;0;S;If_B_then_S;B;OpponentHasNumberOfUnits;Barracks;1;S;C;Build;Ranged;EnemyDir;1;S;If_B_then_S;B;HasNumberOfUnits;Base;0;S;If_B_then_S;B;OpponentHasNumberOfUnits;Barracks;1;S;C;Build;Ranged;EnemyDir;1
16000,S;For_S;S;S_S;S;S_S;S;S_S;S;S_S;S;S_S;S;If_B_then_S_else_S;B;HasNumberOfUnits;Base;5;S;S_S;S;If_B_then_S_else_S;B;OpponentHasNumberOfUnits;Barracks;1;S;C;Build;Ranged;EnemyDir;3;S;C;Build;Barracks;EnemyDir;2;S;Empty;S;If_B_then_S_else_S;B;HasNumberOfUnits;Base;4;S;S_S;S;If_B_then_S_else_S;B;OpponentHasNumberOfUnits;Barracks;1;S;C;Build;Ranged;EnemyDir;2;S;C;Build;Barracks;EnemyDir;1;S;Empty;S;C;Build;Barracks;EnemyDir;1;S;If_B_then_S_else_S;B;HasNumberOfUnits;Base;4;S;S_S;S;If_B_then_S_else_S;B;OpponentHasNumberOfUnits;Barracks;1;S;C;Build;Ranged;EnemyDir;2;S;C;Build;Barracks;EnemyDir;1;S;Empty;S;If_B_then_S;B;HasNumberOfUnits;Base;3;S;If_B_then_S;B;OpponentHasNumberOfUnits;Barracks;1;S;C;Build;Ranged;EnemyDir;1;S;If_B_then_S_else_S;B;HasNumberOfUnits;Base;3;S;If_B_then_S_else_S;B;OpponentHasNumberOfUnits;Barracks;1;S;C;Build;Ranged;EnemyDir;1;S;If_B_then_S;B;HasNumberOfUnits;Base;3;S;If_B_then_S;B;OpponentHasNumberOfUnits;Barracks;1;S;C;Build;Ranged;EnemyDir;1;S;If_B_then_S;B;HasNumberOfUnits;Base;2;S;If_B_then_S;B;OpponentHasNumberOfUnits;Barracks;1;S;C;Build;Ranged;EnemyDir;1;S;If_B_then_S_else_S;B;HasNumberOfUnits;Base;2;S;If_B_then_S_else_S;B;OpponentHasNumberOfUnits;Barracks;1;S;C;Build;Ranged;EnemyDir;1;S;If_B_then_S;B;HasNumberOfUnits;Base;2;S;If_B_then_S;B;OpponentHasNumberOfUnits;Barracks;1;S;C;Build;Ranged;EnemyDir;1;S;If_B_then_S;B;HasNumberOfUnits;Base;1;S;If_B_then_S;B;OpponentHasNumberOfUnits;Barracks;1;S;C;Build;Ranged;EnemyDir;1;S;If_B_then_S_else_S;B;HasNumberOfUnits;Base;1;S;If_B_then_S_else_S;B;OpponentHasNumberOfUnits;Barracks;1;S;C;Build;Ranged;EnemyDir;1;S;If_B_then_S;B;HasNumberOfUnits;Base;1;S;If_B_then_S;B;OpponentHasNumberOfUnits;Barracks;1;S;C;Build;Ranged;EnemyDir;1;S;If_B_then_S;B;HasNumberOfUnits;Base;0;S;If_B_then_S;B;OpponentHasNumberOfUnits;Barracks;1;S;C;Build;Ranged;EnemyDir;1;S;If_B_then_S_else_S;B;HasNumberOfUnits;Base;0;S;If_B_then_S_else_S;B;OpponentHasNumberOfUnits;Barracks;1;S;C;Build;Ranged;EnemyDir;1;S;If_B_then_S;B;HasNumberOfUnits;Base;0;S;If_B_then_S;B;OpponentHasNumberOfUnits;Barracks;1;S;C;Build;Ranged;EnemyDir;1;S;If_B_then_S;B;HasNumberOfUnits;Base;0;S;If_B_then_S;B;OpponentHasNumberOfUnits;Barracks;1;S;C;Build;Ranged;EnemyDir;1
17000,S;For_S;S;S_S;S;S_S;S;S_S;S;S_S;S;S_S;S;If_B_then_S_else_S;B;HasNumberOfUnits;Base;5;S;S_S;S;If_B_then_S_else_S;B;OpponentHasNumberOfUnits;Barracks;1;S;C;Build;Ranged;EnemyDir;3;S;C;Build;Barracks;EnemyDir;2;S;Empty;S;If_B_then_S_else_S;B;HasNumberOfUnits;Base;4;S;S_S;S;If_B_then_S_else_S;B;OpponentHasNumberOfUnits;Barracks;1;S;C;Build;Ranged;EnemyDir;2;S;C;Build;Barracks;EnemyDir;1;S;Empty;S;C;Build;Barracks;EnemyDir;1;S;If_B_then_S_else_S;B;HasNumberOfUnits;Base;4;S;S_S;S;If_B_then_S_else_S;B;OpponentHasNumberOfUnits;Barracks;1;S;C;Build;Ranged;EnemyDir;2;S;C;Build;Barracks;EnemyDir;1;S;Empty;S;If_B_then_S;B;HasNumberOfUnits;Base;3;S;If_B_then_S;B;OpponentHasNumberOfUnits;Barracks;1;S;C;Build;Ranged;EnemyDir;1;S;If_B_then_S_else_S;B;HasNumberOfUnits;Base;3;S;If_B_then_S_else_S;B;OpponentHasNumberOfUnits;Barracks;1;S;C;Build;Ranged;EnemyDir;1;S;If_B_then_S;B;HasNumberOfUnits;Base;3;S;If_B_then_S;B;OpponentHasNumberOfUnits;Barracks;1;S;C;Build;Ranged;EnemyDir;1;S;If_B_then_S;B;HasNumberOfUnits;Base;2;S;If_B_then_S;B;OpponentHasNumberOfUnits;Barracks;1;S;C;Build;Ranged;EnemyDir;1;S;If_B_then_S_else_S;B;HasNumberOfUnits;Base;2;S;If_B_then_S_else_S;B;OpponentHasNumberOfUnits;Barracks;1;S;C;Build;Ranged;EnemyDir;1;S;If_B_then_S;B;HasNumberOfUnits;Base;2;S;If_B_then_S;B;OpponentHasNumberOfUnits;Barracks;1;S;C;Build;Ranged;EnemyDir;1;S;If_B_then_S;B;HasNumberOfUnits;Base;1;S;If_B_then_S;B;OpponentHasNumberOfUnits;Barracks;1;S;C;Build;Ranged;EnemyDir;1;S;If_B_then_S_else_S;B;HasNumberOfUnits;Base;1;S;If_B_then_S_else_S;B;OpponentHasNumberOfUnits;Barracks;1;S;C;Build;Ranged;EnemyDir;1;S;If_B_then_S;B;HasNumberOfUnits;Base;1;S;If_B_then_S;B;OpponentHasNumberOfUnits;Barracks;1;S;C;Build;Ranged;EnemyDir;1;S;If_B_then_S;B;HasNumberOfUnits;Base;0;S;If_B_then_S;B;OpponentHasNumberOfUnits;Barracks;1;S;C;Build;Ranged;EnemyDir;1;S;If_B_then_S_else_S;B;HasNumberOfUnits;Base;0;S;If_B_then_S_else_S;B;OpponentHasNumberOfUnits;Barracks;1;S;C;Build;Ranged;EnemyDir;1;S;If_B_then_S;B;HasNumberOfUnits;Base;0;S;If_B_then_S;B;OpponentHasNumberOfUnits;Barracks;1;S;C;Build;Ranged;EnemyDir;1;S;If_B_then_S;B;HasNumberOfUnits;Base;0;S;If_B_then_S;B;OpponentHasNumberOfUnits;Barracks;1;S;C;Build;Ranged;EnemyDir;1
18000,S;For_S;S;S_S;S;S_S;S;S_S;S;S_S;S;S_S;S;If_B_then_S_else_S;B;HasNumberOfUnits;Base;5;S;S_S;S;If_B_then_S_else_S;B;OpponentHasNumberOfUnits;Barracks;1;S;C;Build;Ranged;EnemyDir;3;S;C;Build;Barracks;EnemyDir;2;S;Empty;S;If_B_then_S_else_S;B;HasNumberOfUnits;Base;4;S;S_S;S;If_B_then_S_else_S;B;OpponentHasNumberOfUnits;Barracks;1;S;C;Build;Ranged;EnemyDir;2;S;C;Build;Barracks;EnemyDir;1;S;Empty;S;C;Build;Barracks;EnemyDir;1;S;If_B_then_S_else_S;B;HasNumberOfUnits;Base;4;S;S_S;S;If_B_then_S_else_S;B;OpponentHasNumberOfUnits;Barracks;1;S;C;Build;Ranged;EnemyDir;2;S;C;Build;Barracks;EnemyDir;1;S;Empty;S;If_B_then_S;B;HasNumberOfUnits;Base;3;S;If_B_then_S;B;OpponentHasNumberOfUnits;Barracks;1;S;C;Build;Ranged;EnemyDir;1;S;If_B_then_S_else_S;B;HasNumberOfUnits;Base;3;S;If_B_then_S_else_S;B;OpponentHasNumberOfUnits;Barracks;1;S;C;Build;Ranged;EnemyDir;1;S;If_B_then_S;B;HasNumberOfUnits;Base;3;S;If_B_then_S;B;OpponentHasNumberOfUnits;Barracks;1;S;C;Build;Ranged;EnemyDir;1;S;If_B_then_S;B;HasNumberOfUnits;Base;2;S;If_B_then_S;B;OpponentHasNumberOfUnits;Barracks;1;S;C;Build;Ranged;EnemyDir;1;S;If_B_then_S_else_S;B;HasNumberOfUnits;Base;2;S;If_B_then_S_else_S;B;OpponentHasNumberOfUnits;Barracks;1;S;C;Build;Ranged;EnemyDir;1;S;If_B_then_S;B;HasNumberOfUnits;Base;2;S;If_B_then_S;B;OpponentHasNumberOfUnits;Barracks;1;S;C;Build;Ranged;EnemyDir;1;S;If_B_then_S;B;HasNumberOfUnits;Base;1;S;If_B_then_S;B;OpponentHasNumberOfUnits;Barracks;1;S;C;Build;Ranged;EnemyDir;1;S;If_B_then_S_else_S;B;HasNumberOfUnits;Base;1;S;If_B_then_S_else_S;B;OpponentHasNumberOfUnits;Barracks;1;S;C;Build;Ranged;EnemyDir;1;S;If_B_then_S;B;HasNumberOfUnits;Base;1;S;If_B_then_S;B;OpponentHasNumberOfUnits;Barracks;1;S;C;Build;Ranged;EnemyDir;1;S;If_B_then_S;B;HasNumberOfUnits;Base;0;S;If_B_then_S;B;OpponentHasNumberOfUnits;Barracks;1;S;C;Build;Ranged;EnemyDir;1;S;If_B_then_S_else_S;B;HasNumberOfUnits;Base;0;S;If_B_then_S_else_S;B;OpponentHasNumberOfUnits;Barracks;1;S;C;Build;Ranged;EnemyDir;1;S;If_B_then_S;B;HasNumberOfUnits;Base;0;S;If_B_then_S;B;OpponentHasNumberOfUnits;Barracks;1;S;C;Build;Ranged;EnemyDir;1;S;If_B_then_S;B;HasNumberOfUnits;Base;0;S;If_B_then_S;B;OpponentHasNumberOfUnits;Barracks;1;S;C;Build;Ranged;EnemyDir;1
19000,S;For_S;S;S_S;S;S_S;S;S_S;S;S_S;S;S_S;S;If_B_then_S_else_S;B;HasNumberOfUnits;Base;5;S;S_S;S;If_B_then_S_else_S;B;OpponentHasNumberOfUnits;Barracks;1;S;C;Build;Ranged;EnemyDir;3;S;C;Build;Barracks;EnemyDir;2;S;Empty;S;If_B_then_S_else_S;B;HasNumberOfUnits;Base;4;S;S_S;S;If_B_then_S_else_S;B;OpponentHasNumberOfUnits;Barracks;1;S;C;Build;Ranged;EnemyDir;2;S;C;Build;Barracks;EnemyDir;1;S;Empty;S;C;Build;Barracks;EnemyDir;1;S;If_B_then_S_else_S;B;HasNumberOfUnits;Base;4;S;S_S;S;If_B_then_S_else_S;B;OpponentHasNumberOfUnits;Barracks;1;S;C;Build;Ranged;EnemyDir;2;S;C;Build;Barracks;EnemyDir;1;S;Empty;S;If_B_then_S;B;HasNumberOfUnits;Base;3;S;If_B_then_S;B;OpponentHasNumberOfUnits;Barracks;1;S;C;Build;Ranged;EnemyDir;1;S;If_B_then_S_else_S;B;HasNumberOfUnits;Base;3;S;If_B_then_S_else_S;B;OpponentHasNumberOfUnits;Barracks;1;S;C;Build;Ranged;EnemyDir;1;S;If_B_then_S;B;HasNumberOfUnits;Base;3;S;If_B_then_S;B;OpponentHasNumberOfUnits;Barracks;1;S;C;Build;Ranged;EnemyDir;1;S;If_B_then_S;B;HasNumberOfUnits;Base;2;S;If_B_then_S;B;OpponentHasNumberOfUnits;Barracks;1;S;C;Build;Ranged;EnemyDir;1;S;If_B_then_S_else_S;B;HasNumberOfUnits;Base;2;S;If_B_then_S_else_S;B;OpponentHasNumberOfUnits;Barracks;1;S;C;Build;Ranged;EnemyDir;1;S;If_B_then_S;B;HasNumberOfUnits;Base;2;S;If_B_then_S;B;OpponentHasNumberOfUnits;Barracks;1;S;C;Build;Ranged;EnemyDir;1;S;If_B_then_S;B;HasNumberOfUnits;Base;1;S;If_B_then_S;B;OpponentHasNumberOfUnits;Barracks;1;S;C;Build;Ranged;EnemyDir;1;S;If_B_then_S_else_S;B;HasNumberOfUnits;Base;1;S;If_B_then_S_else_S;B;OpponentHasNumberOfUnits;Barracks;1;S;C;Build;Ranged;EnemyDir;1;S;If_B_then_S;B;HasNumberOfUnits;Base;1;S;If_B_then_S;B;OpponentHasNumberOfUnits;Barracks;1;S;C;Build;Ranged;EnemyDir;1;S;If_B_then_S;B;HasNumberOfUnits;Base;0;S;If_B_then_S;B;OpponentHasNumberOfUnits;Barracks;1;S;C;Build;Ranged;EnemyDir;1;S;If_B_then_S_else_S;B;HasNumberOfUnits;Base;0;S;If_B_then_S_else_S;B;OpponentHasNumberOfUnits;Barracks;1;S;C;Build;Ranged;EnemyDir;1;S;If_B_then_S;B;HasNumberOfUnits;Base;0;S;If_B_then_S;B;OpponentHasNumberOfUnits;Barracks;1;S;C;Build;Ranged;EnemyDir;1;S;If_B_then_S;B;HasNumberOfUnits;Base;0;S;If_B_then_S;B;OpponentHasNumberOfUnits;Barracks;1;S;C;Build;Ranged;EnemyDir;1
20000,S;For_S;S;S_S;S;S_S;S;S_S;S;S_S;S;S_S;S;If_B_then_S_else_S;B;HasNumberOfUnits;Base;5;S;S_S;S;If_B_then_S_else_S;B;OpponentHasNumberOfUnits;Barracks;1;S;C;Build;Ranged;EnemyDir;3;S;C;Build;Barracks;EnemyDir;2;S;Empty;S;If_B_then_S_else_S;B;HasNumberOfUnits;Base;4;S;S_S;S;If_B_then_S_else_S;B;OpponentHasNumberOfUnits;Barracks;1;S;C;Build;Ranged;EnemyDir;2;S;C;Build;Barracks;EnemyDir;1;S;Empty;S;C;Build;Barracks;EnemyDir;1;S;If_B_then_S_else_S;B;HasNumberOfUnits;Base;4;S;S_S;S;If_B_then_S_else_S;B;OpponentHasNumberOfUnits;Barracks;1;S;C;Build;Ranged;EnemyDir;2;S;C;Build;Barracks;EnemyDir;1;S;Empty;S;If_B_then_S;B;HasNumberOfUnits;Base;3;S;If_B_then_S;B;OpponentHasNumberOfUnits;Barracks;1;S;C;Build;Ranged;EnemyDir;1;S;If_B_then_S_else_S;B;HasNumberOfUnits;Base;3;S;If_B_then_S_else_S;B;OpponentHasNumberOfUnits;Barracks;1;S;C;Build;Ranged;EnemyDir;1;S;If_B_then_S;B;HasNumberOfUnits;Base;3;S;If_B_then_S;B;OpponentHasNumberOfUnits;Barracks;1;S;C;Build;Ranged;EnemyDir;1;S;If_B_then_S;B;HasNumberOfUnits;Base;2;S;If_B_then_S;B;OpponentHasNumberOfUnits;Barracks;1;S;C;Build;Ranged;EnemyDir;1;S;If_B_then_S_else_S;B;HasNumberOfUnits;Base;2;S;If_B_then_S_else_S;B;OpponentHasNumberOfUnits;Barracks;1;S;C;Build;Ranged;EnemyDir;1;S;If_B_then_S;B;HasNumberOfUnits;Base;2;S;If_B_then_S;B;OpponentHasNumberOfUnits;Barracks;1;S;C;Build;Ranged;EnemyDir;1;S;If_B_then_S;B;HasNumberOfUnits;Base;1;S;If_B_then_S;B;OpponentHasNumberOfUnits;Barracks;1;S;C;Build;Ranged;EnemyDir;1;S;If_B_then_S_else_S;B;HasNumberOfUnits;Base;1;S;If_B_then_S_else_S;B;OpponentHasNumberOfUnits;Barracks;1;S;C;Build;Ranged;EnemyDir;1;S;If_B_then_S;B;HasNumberOfUnits;Base;1;S;If_B_then_S;B;OpponentHasNumberOfUnits;Barracks;1;S;C;Build;Ranged;EnemyDir;1;S;If_B_then_S;B;HasNumberOfUnits;Base;0;S;If_B_then_S;B;OpponentHasNumberOfUnits;Barracks;1;S;C;Build;Ranged;EnemyDir;1;S;If_B_then_S_else_S;B;HasNumberOfUnits;Base;0;S;If_B_then_S_else_S;B;OpponentHasNumberOfUnits;Barracks;1;S;C;Build;Ranged;EnemyDir;1;S;If_B_then_S;B;HasNumberOfUnits;Base;0;S;If_B_then_S;B;OpponentHasNumberOfUnits;Barracks;1;S;C;Build;Ranged;EnemyDir;1;S;If_B_then_S;B;HasNumberOfUnits;Base;0;S;If_B_then_S;B;OpponentHasNumberOfUnits;Barracks;1;S;C;Build;Ranged;EnemyDir;1
21000,S;For_S;S;S_S;S;S_S;S;S_S;S;S_S;S;S_S;S;If_B_then_S_else_S;B;HasNumberOfUnits;Base;5;S;S_S;S;If_B_then_S_else_S;B;OpponentHasNumberOfUnits;Barracks;1;S;C;Build;Ranged;EnemyDir;3;S;C;Build;Barracks;EnemyDir;2;S;Empty;S;If_B_then_S_else_S;B;HasNumberOfUnits;Base;4;S;S_S;S;If_B_then_S_else_S;B;OpponentHasNumberOfUnits;Barracks;1;S;C;Build;Ranged;EnemyDir;2;S;C;Build;Barracks;EnemyDir;1;S;Empty;S;C;Build;Barracks;EnemyDir;1;S;If_B_then_S_else_S;B;HasNumberOfUnits;Base;4;S;S_S;S;If_B_then_S_else_S;B;OpponentHasNumberOfUnits;Barracks;1;S;C;Build;Ranged;EnemyDir;2;S;C;Build;Barracks;EnemyDir;1;S;Empty;S;If_B_then_S;B;HasNumberOfUnits;Base;3;S;If_B_then_S;B;OpponentHasNumberOfUnits;Barracks;1;S;C;Build;Ranged;EnemyDir;1;S;If_B_then_S_else_S;B;HasNumberOfUnits;Base;3;S;If_B_then_S_else_S;B;OpponentHasNumberOfUnits;Barracks;1;S;C;Build;Ranged;EnemyDir;1;S;If_B_then_S;B;HasNumberOfUnits;Base;3;S;If_B_then_S;B;OpponentHasNumberOfUnits;Barracks;1;S;C;Build;Ranged;EnemyDir;1;S;If_B_then_S;B;HasNumberOfUnits;Base;2;S;If_B_then_S;B;OpponentHasNumberOfUnits;Barracks;1;S;C;Build;Ranged;EnemyDir;1;S;If_B_then_S_else_S;B;HasNumberOfUnits;Base;2;S;If_B_then_S_else_S;B;OpponentHasNumberOfUnits;Barracks;1;S;C;Build;Ranged;EnemyDir;1;S;If_B_then_S;B;HasNumberOfUnits;Base;2;S;If_B_then_S;B;OpponentHasNumberOfUnits;Barracks;1;S;C;Build;Ranged;EnemyDir;1;S;If_B_then_S;B;HasNumberOfUnits;Base;1;S;If_B_then_S;B;OpponentHasNumberOfUnits;Barracks;1;S;C;Build;Ranged;EnemyDir;1;S;If_B_then_S_else_S;B;HasNumberOfUnits;Base;1;S;If_B_then_S_else_S;B;OpponentHasNumberOfUnits;Barracks;1;S;C;Build;Ranged;EnemyDir;1;S;If_B_then_S;B;HasNumberOfUnits;Base;1;S;If_B_then_S;B;OpponentHasNumberOfUnits;Barracks;1;S;C;Build;Ranged;EnemyDir;1;S;If_B_then_S;B;HasNumberOfUnits;Base;0;S;If_B_then_S;B;OpponentHasNumberOfUnits;Barracks;1;S;C;Build;Ranged;EnemyDir;1;S;If_B_then_S_else_S;B;HasNumberOfUnits;Base;0;S;If_B_then_S_else_S;B;OpponentHasNumberOfUnits;Barracks;1;S;C;Build;Ranged;EnemyDir;1;S;If_B_then_S;B;HasNumberOfUnits;Base;0;S;If_B_then_S;B;OpponentHasNumberOfUnits;Barracks;1;S;C;Build;Ranged;EnemyDir;1;S;If_B_then_S;B;HasNumberOfUnits;Base;0;S;If_B_then_S;B;OpponentHasNumberOfUnits;Barracks;1;S;C;Build;Ranged;EnemyDir;1
22000,S;For_S;S;S_S;S;S_S;S;S_S;S;S_S;S;S_S;S;If_B_then_S_else_S;B;HasNumberOfUnits;Base;5;S;S_S;S;If_B_then_S_else_S;B;OpponentHasNumberOfUnits;Barracks;1;S;C;Build;Ranged;EnemyDir;3;S;C;Build;Barracks;EnemyDir;2;S;Empty;S;If_B_then_S_else_S;B;HasNumberOfUnits;Base;4;S;S_S;S;If_B_then_S_else_S;B;OpponentHasNumberOfUnits;Barracks;1;S;C;Build;Ranged;EnemyDir;2;S;C;Build;Barracks;EnemyDir;1;S;Empty;S;C;Build;Barracks;EnemyDir;1;S;If_B_then_S_else_S;B;HasNumberOfUnits;Base;4;S;S_S;S;If_B_then_S_else_S;B;OpponentHasNumberOfUnits;Barracks;1;S;C;Build;Ranged;EnemyDir;2;S;C;Build;Barracks;EnemyDir;1;S;Empty;S;If_B_then_S;B;HasNumberOfUnits;Base;3;S;If_B_then_S;B;OpponentHasNumberOfUnits;Barracks;1;S;C;Build;Ranged;EnemyDir;1;S;If_B_then_S_else_S;B;HasNumberOfUnits;Base;3;S;If_B_then_S_else_S;B;OpponentHasNumberOfUnits;Barracks;1;S;C;Build;Ranged;EnemyDir;1;S;If_B_then_S;B;HasNumberOfUnits;Base;3;S;If_B_then_S;B;OpponentHasNumberOfUnits;Barracks;1;S;C;Build;Ranged;EnemyDir;1;S;If_B_then_S;B;HasNumberOfUnits;Base;2;S;If_B_then_S;B;OpponentHasNumberOfUnits;Barracks;1;S;C;Build;Ranged;EnemyDir;1;S;If_B_then_S_else_S;B;HasNumberOfUnits;Base;2;S;If_B_then_S_else_S;B;OpponentHasNumberOfUnits;Barracks;1;S;C;Build;Ranged;EnemyDir;1;S;If_B_then_S;B;HasNumberOfUnits;Base;2;S;If_B_then_S;B;OpponentHasNumberOfUnits;Barracks;1;S;C;Build;Ranged;EnemyDir;1;S;If_B_then_S;B;HasNumberOfUnits;Base;1;S;If_B_then_S;B;OpponentHasNumberOfUnits;Barracks;1;S;C;Build;Ranged;EnemyDir;1;S;If_B_then_S_else_S;B;HasNumberOfUnits;Base;1;S;If_B_then_S_else_S;B;OpponentHasNumberOfUnits;Barracks;1;S;C;Build;Ranged;EnemyDir;1;S;If_B_then_S;B;HasNumberOfUnits;Base;1;S;If_B_then_S;B;OpponentHasNumberOfUnits;Barracks;1;S;C;Build;Ranged;EnemyDir;1;S;If_B_then_S;B;HasNumberOfUnits;Base;0;S;If_B_then_S;B;OpponentHasNumberOfUnits;Barracks;1;S;C;Build;Ranged;EnemyDir;1;S;If_B_then_S_else_S;B;HasNumberOfUnits;Base;0;S;If_B_then_S_else_S;B;OpponentHasNumberOfUnits;Barracks;1;S;C;Build;Ranged;EnemyDir;1;S;If_B_then_S;B;HasNumberOfUnits;Base;0;S;If_B_then_S;B;OpponentHasNumberOfUnits;Barracks;1;S;C;Build;Ranged;EnemyDir;1;S;If_B_then_S;B;HasNumberOfUnits;Base;0;S;If_B_then_S;B;OpponentHasNumberOfUnits;Barracks;1;S;C;Build;Ranged;EnemyDir;1
23000,S;For_S;S;S_S;S;S_S;S;S_S;S;S_S;S;S_S;S;If_B_then_S_else_S;B;HasNumberOfUnits;Base;5;S;S_S;S;If_B_then_S_else_S;B;OpponentHasNumberOfUnits;Barracks;1;S;C;Build;Ranged;EnemyDir;3;S;C;Build;Barracks;EnemyDir;2;S;Empty;S;If_B_then_S_else_S;B;HasNumberOfUnits;Base;4;S;S_S;S;If_B_then_S_else_S;B;OpponentHasNumberOfUnits;Barracks;1;S;C;Build;Ranged;EnemyDir;2;S;C;Build;Barracks;EnemyDir;1;S;Empty;S;C;Build;Barracks;EnemyDir;1;S;If_B_then_S_else_S;B;HasNumberOfUnits;Base;4;S;S_S;S;If_B_then_S_else_S;B;OpponentHasNumberOfUnits;Barracks;1;S;C;Build;Ranged;EnemyDir;2;S;C;Build;Barracks;EnemyDir;1;S;Empty;S;If_B_then_S;B;HasNumberOfUnits;Base;3;S;If_B_then_S;B;OpponentHasNumberOfUnits;Barracks;1;S;C;Build;Ranged;EnemyDir;1;S;If_B_then_S_else_S;B;HasNumberOfUnits;Base;3;S;If_B_then_S_else_S;B;OpponentHasNumberOfUnits;Barracks;1;S;C;Build;Ranged;EnemyDir;1;S;If_B_then_S;B;HasNumberOfUnits;Base;3;S;If_B_then_S;B;OpponentHasNumberOfUnits;Barracks;1;S;C;Build;Ranged;EnemyDir;1;S;If_B_then_S;B;HasNumberOfUnits;Base;2;S;If_B_then_S;B;OpponentHasNumberOfUnits;Barracks;1;S;C;Build;Ranged;EnemyDir;1;S;If_B_then_S_else_S;B;HasNumberOfUnits;Base;2;S;If_B_then_S_else_S;B;OpponentHasNumberOfUnits;Barracks;1;S;C;Build;Ranged;EnemyDir;1;S;If_B_then_S;B;HasNumberOfUnits;Base;2;S;If_B_then_S;B;OpponentHasNumberOfUnits;Barracks;1;S;C;Build;Ranged;EnemyDir;1;S;If_B_then_S;B;HasNumberOfUnits;Base;1;S;If_B_then_S;B;OpponentHasNumberOfUnits;Barracks;1;S;C;Build;Ranged;EnemyDir;1;S;If_B_then_S_else_S;B;HasNumberOfUnits;Base;1;S;If_B_then_S_else_S;B;OpponentHasNumberOfUnits;Barracks;1;S;C;Build;Ranged;EnemyDir;1;S;If_B_then_S;B;HasNumberOfUnits;Base;1;S;If_B_then_S;B;OpponentHasNumberOfUnits;Barracks;1;S;C;Build;Ranged;EnemyDir;1;S;If_B_then_S;B;HasNumberOfUnits;Base;0;S;If_B_then_S;B;OpponentHasNumberOfUnits;Barracks;1;S;C;Build;Ranged;EnemyDir;1;S;If_B_then_S_else_S;B;HasNumberOfUnits;Base;0;S;If_B_then_S_else_S;B;OpponentHasNumberOfUnits;Barracks;1;S;C;Build;Ranged;EnemyDir;1;S;If_B_then_S;B;HasNumberOfUnits;Base;0;S;If_B_then_S;B;OpponentHasNumberOfUnits;Barracks;1;S;C;Build;Ranged;EnemyDir;1;S;If_B_then_S;B;HasNumberOfUnits;Base;0;S;If_B_then_S;B;OpponentHasNumberOfUnits;Barracks;1;S;C;Build;Ranged;EnemyDir;1
24000,S;For_S;S;S_S;S;S_S;S;S_S;S;S_S;S;S_S;S;If_B_then_S_else_S;B;HasNumberOfUnits;Base;5;S;S_S;S;If_B_then_S_else_S;B;OpponentHasNumberOfUnits;Barracks;1;S;C;Build;Ranged;EnemyDir;3;S;C;Build;Barracks;EnemyDir;2;S;Empty;S;If_B_then_S_else_S;B;HasNumberOfUnits;Base;4;S;S_S;S;If_B_then_S_else_S;B;OpponentHasNumberOfUnits;Barracks;1;S;C;Build;Ranged;EnemyDir;2;S;C;Build;Barracks;EnemyDir;1;S;Empty;S;C;Build;Barracks;EnemyDir;1;S;If_B_then_S_else_S;B;HasNumberOfUnits;Base;4;S;S_S;S;If_B_then_S_else_S;B;OpponentHasNumberOfUnits;Barracks;1;S;C;Build;Ranged;EnemyDir;2;S;C;Build;Barracks;EnemyDir;1;S;Empty;S;If_B_then_S;B;HasNumberOfUnits;Base;3;S;If_B_then_S;B;OpponentHasNumberOfUnits;Barracks;1;S;C;Build;Ranged;EnemyDir;1;S;If_B_then_S_else_S;B;HasNumberOfUnits;Base;3;S;If_B_then_S_else_S;B;OpponentHasNumberOfUnits;Barracks;1;S;C;Build;Ranged;EnemyDir;1;S;If_B_then_S;B;HasNumberOfUnits;Base;3;S;If_B_then_S;B;OpponentHasNumberOfUnits;Barracks;1;S;C;Build;Ranged;EnemyDir;1;S;If_B_then_S;B;HasNumberOfUnits;Base;2;S;If_B_then_S;B;OpponentHasNumberOfUnits;Barracks;1;S;C;Build;Ranged;EnemyDir;1;S;If_B_then_S_else_S;B;HasNumberOfUnits;Base;2;S;If_B_then_S_else_S;B;OpponentHasNumberOfUnits;Barracks;1;S;C;Build;Ranged;EnemyDir;1;S;If_B_then_S;B;HasNumberOfUnits;Base;2;S;If_B_then_S;B;OpponentHasNumberOfUnits;Barracks;1;S;C;Build;Ranged;EnemyDir;1;S;If_B_then_S;B;HasNumberOfUnits;Base;1;S;If_B_then_S;B;OpponentHasNumberOfUnits;Barracks;1;S;C;Build;Ranged;EnemyDir;1;S;If_B_then_S_else_S;B;HasNumberOfUnits;Base;1;S;If_B_then_S_else_S;B;OpponentHasNumberOfUnits;Barracks;1;S;C;Build;Ranged;EnemyDir;1;S;If_B_then_S;B;HasNumberOfUnits;Base;1;S;If_B_then_S;B;OpponentHasNumberOfUnits;Barracks;1;S;C;Build;Ranged;EnemyDir;1;S;If_B_then_S;B;HasNumberOfUnits;Base;0;S;If_B_then_S;B;OpponentHasNumberOfUnits;Barracks;1;S;C;Build;Ranged;EnemyDir;1;S;If_B_then_S_else_S;B;HasNumberOfUnits;Base;0;S;If_B_then_S_else_S;B;OpponentHasNumberOfUnits;Barracks;1;S;C;Build;Ranged;EnemyDir;1;S;If_B_then_S;B;HasNumberOfUnits;Base;0;S;If_B_then_S;B;OpponentHasNumberOfUnits;Barracks;1;S;C;Build;Ranged;EnemyDir;1;S;If_B_then_S;B;HasNumberOfUnits;Base;0;S;If_B_then_S;B;OpponentHasNumberOfUnits;Barracks;1;S;C;Build;Ranged;EnemyDir;1
25000,S;For_S;S;S_S;S;C;Idle;S;If_B_then_S_else_S;B;HasUnitWithinDistanceFromOpponent;8;S;S_S;S;S_S;S;C;MoveToUnit;Enemy;Strongest;S;C;Harvest;100;S;C;Train;Worker;EnemyDir;8;S;S_S;S;C;MoveToUnit;Enemy;Weakest;S;C;Harvest;25
26000,S;For_S;S;S_S;S;C;Idle;S;If_B_then_S_else_S;B;HasUnitWithinDistanceFromOpponent;8;S;S_S;S;S_S;S;C;MoveToUnit;Enemy;Strongest;S;C;Harvest;100;S;C;Train;Worker;EnemyDir;8;S;S_S;S;C;MoveToUnit;Enemy;Weakest;S;C;Harvest;25
27000,S;For_S;S;S_S;S;C;Idle;S;If_B_then_S_else_S;B;HasUnitWithinDistanceFromOpponent;8;S;S_S;S;S_S;S;C;MoveToUnit;Enemy;Strongest;S;C;Harvest;100;S;C;Train;Worker;EnemyDir;8;S;S_S;S;C;MoveToUnit;Enemy;Weakest;S;C;Harvest;25
28000,S;For_S;S;S_S;S;C;Idle;S;If_B_then_S_else_S;B;HasUnitWithinDistanceFromOpponent;8;S;S_S;S;S_S;S;C;MoveToUnit;Enemy;Strongest;S;C;Harvest;100;S;C;Train;Worker;EnemyDir;8;S;S_S;S;C;MoveToUnit;Enemy;Weakest;S;C;Harvest;25
29000,S;For_S;S;S_S;S;C;Idle;S;If_B_then_S_else_S;B;HasUnitWithinDistanceFromOpponent;8;S;S_S;S;S_S;S;C;MoveToUnit;Enemy;Strongest;S;C;Harvest;100;S;C;Train;Worker;EnemyDir;8;S;S_S;S;C;MoveToUnit;Enemy;Weakest;S;C;Harvest;25
30000,S;For_S;S;S_S;S;C;Idle;S;If_B_then_S_else_S;B;HasUnitWithinDistanceFromOpponent;8;S;S_S;S;S_S;S;C;MoveToUnit;Enemy;Strongest;S;C;Harvest;100;S;C;Train;Worker;EnemyDir;8;S;S_S;S;C;MoveToUnit;Enemy;Weakest;S;C;Harvest;25
31000,S;For_S;S;S_S;S;C;Idle;S;If_B_then_S_else_S;B;HasUnitWithinDistanceFromOpponent;8;S;S_S;S;S_S;S;C;MoveToUnit;Enemy;Strongest;S;C;Harvest;100;S;C;Train;Worker;EnemyDir;8;S;S_S;S;C;MoveToUnit;Enemy;Weakest;S;C;Harvest;25
32000,S;For_S;S;S_S;S;C;Idle;S;If_B_then_S_else_S;B;HasUnitWithinDistanceFromOpponent;8;S;S_S;S;S_S;S;C;MoveToUnit;Enemy;Strongest;S;C;Harvest;100;S;C;Train;Worker;EnemyDir;8;S;S_S;S;C;MoveToUnit;Enemy;Weakest;S;C;Harvest;25
33000,S;For_S;S;S_S;S;C;Idle;S;If_B_then_S_else_S;B;HasUnitWithinDistanceFromOpponent;8;S;S_S;S;S_S;S;C;MoveToUnit;Enemy;Strongest;S;C;Harvest;100;S;C;Train;Worker;EnemyDir;8;S;S_S;S;C;MoveToUnit;Enemy;Weakest;S;C;Harvest;25
34000,S;For_S;S;S_S;S;C;Idle;S;If_B_then_S_else_S;B;HasUnitWithinDistanceFromOpponent;8;S;S_S;S;S_S;S;C;MoveToUnit;Enemy;Strongest;S;C;Harvest;100;S;C;Train;Worker;EnemyDir;8;S;S_S;S;C;MoveToUnit;Enemy;Weakest;S;C;Harvest;25
35000,S;For_S;S;S_S;S;C;Idle;S;If_B_then_S_else_S;B;HasUnitWithinDistanceFromOpponent;8;S;S_S;S;S_S;S;C;MoveToUnit;Enemy;Strongest;S;C;Harvest;100;S;C;Train;Worker;EnemyDir;8;S;S_S;S;C;MoveToUnit;Enemy;Weakest;S;C;Harvest;25
36000,S;For_S;S;S_S;S;C;Idle;S;If_B_then_S_else_S;B;HasUnitWithinDistanceFromOpponent;8;S;S_S;S;S_S;S;C;MoveToUnit;Enemy;Strongest;S;C;Harvest;100;S;C;Train;Worker;EnemyDir;8;S;S_S;S;C;MoveToUnit;Enemy;Weakest;S;C;Harvest;25
37000,S;For_S;S;S_S;S;C;Idle;S;If_B_then_S_else_S;B;HasUnitWithinDistanceFromOpponent;8;S;S_S;S;S_S;S;C;MoveToUnit;Enemy;Strongest;S;C;Harvest;100;S;C;Train;Worker;EnemyDir;8;S;S_S;S;C;MoveToUnit;Enemy;Weakest;S;C;Harvest;25
38000,S;For_S;S;S_S;S;C;Idle;S;If_B_then_S_else_S;B;HasUnitWithinDistanceFromOpponent;8;S;S_S;S;S_S;S;C;MoveToUnit;Enemy;Strongest;S;C;Harvest;100;S;C;Train;Worker;EnemyDir;8;S;S_S;S;C;MoveToUnit;Enemy;Weakest;S;C;Harvest;25
39000,S;For_S;S;S_S;S;C;Idle;S;If_B_then_S_else_S;B;HasUnitWithinDistanceFromOpponent;8;S;S_S;S;S_S;S;C;MoveToUnit;Enemy;Strongest;S;C;Harvest;100;S;C;Train;Worker;EnemyDir;8;S;S_S;S;C;MoveToUnit;Enemy;Weakest;S;C;Harvest;25
40000,S;For_S;S;S_S;S;C;Idle;S;If_B_then_S_else_S;B;HasUnitWithinDistanceFromOpponent;8;S;S_S;S;S_S;S;C;MoveToUnit;Enemy;Strongest;S;C;Harvest;100;S;C;Train;Worker;EnemyDir;8;S;S_S;S;C;MoveToUnit;Enemy;Weakest;S;C;Harvest;25
41000,S;For_S;S;S_S;S;C;Idle;S;If_B_then_S_else_S;B;HasUnitWithinDistanceFromOpponent;8;S;S_S;S;S_S;S;C;MoveToUnit;Enemy;Strongest;S;C;Harvest;100;S;C;Train;Worker;EnemyDir;8;S;S_S;S;C;MoveToUnit;Enemy;Weakest;S;C;Harvest;25
42000,S;For_S;S;S_S;S;C;Idle;S;If_B_then_S_else_S;B;HasUnitWithinDistanceFromOpponent;8;S;S_S;S;S_S;S;C;MoveToUnit;Enemy;Strongest;S;C;Harvest;100;S;C;Train;Worker;EnemyDir;8;S;S_S;S;C;MoveToUnit;Enemy;Weakest;S;C;Harvest;25
43000,S;For_S;S;S_S;S;C;Idle;S;If_B_then_S_else_S;B;HasUnitWithinDistanceFromOpponent;8;S;S_S;S;S_S;S;C;MoveToUnit;Enemy;Strongest;S;C;Harvest;100;S;C;Train;Worker;EnemyDir;8;S;S_S;S;C;MoveToUnit;Enemy;Weakest;S;C;Harvest;25
44000,S;For_S;S;S_S;S;C;Idle;S;If_B_then_S_else_S;B;HasUnitWithinDistanceFromOpponent;8;S;S_S;S;S_S;S;C;MoveToUnit;Enemy;Strongest;S;C;Harvest;100;S;C;Train;Worker;EnemyDir;8;S;S_S;S;C;MoveToUnit;Enemy;Weakest;S;C;Harvest;25
45000,S;For_S;S;S_S;S;C;Idle;S;If_B_then_S_else_S;B;HasUnitWithinDistanceFromOpponent;8;S;S_S;S;S_S;S;C;MoveToUnit;Enemy;Strongest;S;C;Harvest;100;S;C;Train;Worker;EnemyDir;8;S;S_S;S;C;MoveToUnit;Enemy;Weakest;S;C;Harvest;25
46000,S;For_S;S;S_S;S;C;Idle;S;If_B_then_S_else_S;B;HasUnitWithinDistanceFromOpponent;8;S;S_S;S;S_S;S;C;MoveToUnit;Enemy;Strongest;S;C;Harvest;100;S;C;Train;Worker;EnemyDir;8;S;S_S;S;C;MoveToUnit;Enemy;Weakest;S;C;Harvest;25
47000,S;For_S;S;S_S;S;C;Idle;S;If_B_then_S_else_S;B;HasUnitWithinDistanceFromOpponent;8;S;S_S;S;S_S;S;C;MoveToUnit;Enemy;Strongest;S;C;Harvest;100;S;C;Train;Worker;EnemyDir;8;S;S_S;S;C;MoveToUnit;Enemy;Weakest;S;C;Harvest;25
48000,S;For_S;S;S_S;S;C;Idle;S;If_B_then_S_else_S;B;HasUnitWithinDistanceFromOpponent;8;S;S_S;S;S_S;S;C;MoveToUnit;Enemy;Strongest;S;C;Harvest;100;S;C;Train;Worker;EnemyDir;8;S;S_S;S;C;MoveToUnit;Enemy;Weakest;S;C;Harvest;25
49000,S;For_S;S;S_S;S;C;Idle;S;If_B_then_S_else_S;B;HasUnitWithinDistanceFromOpponent;8;S;S_S;S;S_S;S;C;MoveToUnit;Enemy;Strongest;S;C;Harvest;100;S;C;Train;Worker;EnemyDir;8;S;S_S;S;C;MoveToUnit;Enemy;Weakest;S;C;Harvest;25
50000,S;For_S;S;S_S;S;C;Idle;S;If_B_then_S_else_S;B;HasUnitWithinDistanceFromOpponent;8;S;S_S;S;S_S;S;C;MoveToUnit;Enemy;Strongest;S;C;Harvest;100;S;C;Train;Worker;EnemyDir;8;S;S_S;S;C;MoveToUnit;Enemy;Weakest;S;C;Harvest;25
