1000,S;For_S;S;For_S;S;S_S;S;C;Attack;LessHealthy;S;S_S;S;For_S;S;C;Harvest;2;S;C;Train;Worker;Down;10
2000,S;For_S;S;For_S;S;S_S;S;C;Attack;LessHealthy;S;S_S;S;For_S;S;C;Harvest;2;S;C;Train;Worker;Down;10
3000,S;For_S;S;For_S;S;S_S;S;C;Attack;LessHealthy;S;S_S;S;For_S;S;C;Harvest;2;S;C;Train;Worker;Down;10
4000,S;For_S;S;S_S;S;S_S;S;C;Attack;LessHealthy;S;C;Train;Worker;EnemyDir;50;S;For_S;S;C;Harvest;1
5000,S;For_S;S;S_S;S;S_S;S;C;Attack;LessHealthy;S;C;Train;Worker;EnemyDir;50;S;For_S;S;C;Harvest;1
6000,S;For_S;S;S_S;S;S_S;S;C;Attack;LessHealthy;S;C;Train;Worker;EnemyDir;50;S;For_S;S;C;Harvest;1
7000,S;S_S;S;For_S;S;C;Build;Base;Left;9;S;For_S;S;S_S;S;S_S;S;C;Attack;LessHealthy;S;C;Train;Worker;EnemyDir;50;S;For_S;S;S_S;S;C;Idle;S;C;Harvest;2
8000,S;S_S;S;For_S;S;C;Build;Base;Left;9;S;For_S;S;S_S;S;S_S;S;C;Attack;LessHealthy;S;C;Train;Worker;EnemyDir;50;S;For_S;S;S_S;S;C;Idle;S;C;Harvest;2
9000,S;For_S;S;S_S;S;S_S;S;C;Attack;Closest;S;C;Train;Worker;EnemyDir;50;S;For_S;S;S_S;S;S_S;S;C;Idle;S;C;Harvest;2;S;S_S;S;C;Train;Heavy;Up;9;S;C;Build;Barracks;EnemyDir;10
10000,S;For_S;S;S_S;S;S_S;S;C;Attack;Closest;S;C;Train;Worker;EnemyDir;50;S;For_S;S;S_S;S;S_S;S;C;Idle;S;C;Harvest;2;S;S_S;S;C;Train;Heavy;Up;9;S;C;Build;Barracks;EnemyDir;10
11000,S;For_S;S;S_S;S;C;Attack;Weakest;S;S_S;S;S_S;S;For_S;S;C;Idle;S;C;Train;Worker;EnemyDir;50;S;For_S;S;S_S;S;S_S;S;C;Train;Ranged;Left;9;S;C;Harvest;2;S;C;Build;Barracks;Up;10
12000,S;For_S;S;S_S;S;C;Attack;Weakest;S;S_S;S;S_S;S;For_S;S;C;Idle;S;C;Train;Worker;EnemyDir;50;S;For_S;S;S_S;S;S_S;S;C;Train;Ranged;Down;9;S;C;Harvest;2;S;C;Build;Barracks;Up;10
13000,S;For_S;S;S_S;S;C;Attack;Weakest;S;S_S;S;S_S;S;For_S;S;C;Idle;S;C;Train;Worker;EnemyDir;50;S;For_S;S;S_S;S;S_S;S;C;Train;Ranged;Down;9;S;C;Harvest;2;S;C;Build;Barracks;Up;10
14000,S;For_S;S;S_S;S;C;Attack;Weakest;S;S_S;S;S_S;S;For_S;S;C;Idle;S;C;Train;Worker;EnemyDir;50;S;For_S;S;S_S;S;S_S;S;C;Train;Ranged;Down;9;S;C;Harvest;2;S;C;Build;Barracks;Up;10
15000,S;For_S;S;S_S;S;C;Attack;Weakest;S;S_S;S;S_S;S;For_S;S;C;Idle;S;C;Train;Worker;EnemyDir;50;S;For_S;S;S_S;S;S_S;S;C;Train;Ranged;Down;9;S;C;Harvest;2;S;C;Build;Barracks;Up;10
16000,S;For_S;S;S_S;S;C;Attack;Weakest;S;S_S;S;S_S;S;For_S;S;C;Idle;S;C;Train;Worker;EnemyDir;50;S;For_S;S;S_S;S;S_S;S;C;Train;Ranged;Down;9;S;C;Harvest;2;S;C;Build;Barracks;Up;10
17000,S;For_S;S;S_S;S;C;Attack;Weakest;S;S_S;S;S_S;S;For_S;S;C;Idle;S;C;Train;Worker;EnemyDir;50;S;For_S;S;S_S;S;S_S;S;C;Train;Ranged;Down;9;S;C;Harvest;2;S;C;Build;Barracks;Up;10
18000,S;For_S;S;S_S;S;C;Attack;Weakest;S;S_S;S;S_S;S;For_S;S;C;Idle;S;C;Train;Worker;EnemyDir;50;S;For_S;S;S_S;S;S_S;S;C;Train;Ranged;Down;9;S;C;Harvest;2;S;C;Build;Barracks;Up;10
19000,S;For_S;S;S_S;S;C;Attack;Weakest;S;S_S;S;S_S;S;For_S;S;C;Idle;S;C;Train;Worker;EnemyDir;50;S;For_S;S;S_S;S;S_S;S;C;Train;Ranged;Down;9;S;C;Harvest;2;S;C;Build;Barracks;Up;10
20000,S;For_S;S;S_S;S;C;Attack;Weakest;S;S_S;S;S_S;S;For_S;S;C;Idle;S;C;Train;Worker;EnemyDir;50;S;For_S;S;S_S;S;S_S;S;C;Train;Ranged;Down;9;S;C;Harvest;2;S;C;Build;Barracks;Up;10
21000,S;For_S;S;S_S;S;C;Attack;Weakest;S;S_S;S;S_S;S;For_S;S;C;Idle;S;C;Train;Worker;EnemyDir;50;S;For_S;S;S_S;S;S_S;S;C;Train;Ranged;Down;9;S;C;Harvest;2;S;C;Build;Barracks;Up;10
22000,S;For_S;S;S_S;S;C;Attack;Weakest;S;S_S;S;S_S;S;For_S;S;C;Idle;S;C;Train;Worker;EnemyDir;50;S;For_S;S;S_S;S;S_S;S;C;Train;Ranged;Down;9;S;C;Harvest;2;S;C;Build;Barracks;Up;10
23000,S;For_S;S;S_S;S;C;Attack;Weakest;S;S_S;S;S_S;S;For_S;S;C;Idle;S;C;Train;Worker;EnemyDir;50;S;For_S;S;S_S;S;S_S;S;C;Train;Ranged;Down;9;S;C;Harvest;2;S;C;Build;Barracks;Up;10
24000,S;For_S;S;S_S;S;C;Attack;Weakest;S;S_S;S;S_S;S;For_S;S;C;Idle;S;C;Train;Worker;EnemyDir;50;S;For_S;S;S_S;S;S_S;S;C;Train;Ranged;Down;9;S;C;Harvest;2;S;C;Build;Barracks;Up;10
25000,S;For_S;S;S_S;S;C;Attack;Weakest;S;S_S;S;S_S;S;For_S;S;C;Idle;S;C;Train;Worker;EnemyDir;50;S;For_S;S;S_S;S;S_S;S;C;Train;Ranged;Down;9;S;C;Harvest;2;S;C;Build;Barracks;Up;10
26000,S;For_S;S;S_S;S;C;Attack;Weakest;S;S_S;S;S_S;S;For_S;S;C;Idle;S;C;Train;Worker;EnemyDir;50;S;For_S;S;S_S;S;S_S;S;C;Train;Ranged;Down;9;S;C;Harvest;2;S;C;Build;Barracks;Up;10
27000,S;For_S;S;S_S;S;C;Attack;Weakest;S;S_S;S;S_S;S;For_S;S;C;Idle;S;C;Train;Worker;EnemyDir;50;S;For_S;S;S_S;S;S_S;S;C;Train;Ranged;Down;9;S;C;Harvest;2;S;C;Build;Barracks;Up;10
28000,S;For_S;S;S_S;S;C;Attack;Weakest;S;S_S;S;S_S;S;For_S;S;C;Idle;S;C;Train;Worker;EnemyDir;50;S;For_S;S;S_S;S;S_S;S;C;Train;Ranged;Down;9;S;C;Harvest;2;S;C;Build;Barracks;Up;10
29000,S;For_S;S;S_S;S;C;Attack;Weakest;S;S_S;S;For_S;S;S_S;S;C;Train;Worker;EnemyDir;8;S;For_S;S;C;Train;Light;Up;8;S;For_S;S;S_S;S;C;Harvest;2;S;C;Build;Barracks;Left;10
30000,S;For_S;S;S_S;S;C;Attack;Weakest;S;S_S;S;For_S;S;S_S;S;C;Train;Worker;EnemyDir;8;S;For_S;S;C;Train;Light;Up;8;S;For_S;S;S_S;S;C;Harvest;2;S;C;Build;Barracks;Left;10
31000,S;For_S;S;S_S;S;C;Attack;Weakest;S;S_S;S;For_S;S;S_S;S;C;Train;Worker;EnemyDir;8;S;For_S;S;C;Train;Light;Up;8;S;For_S;S;S_S;S;C;Harvest;2;S;C;Build;Barracks;Down;8
32000,S;For_S;S;S_S;S;C;Attack;Weakest;S;S_S;S;For_S;S;S_S;S;C;Train;Worker;EnemyDir;8;S;For_S;S;C;Train;Light;Up;8;S;For_S;S;S_S;S;C;Harvest;2;S;C;Build;Barracks;Down;8
33000,S;For_S;S;S_S;S;C;Attack;Weakest;S;S_S;S;For_S;S;S_S;S;C;Train;Worker;EnemyDir;8;S;For_S;S;C;Train;Light;Up;8;S;For_S;S;S_S;S;C;Harvest;2;S;C;Build;Barracks;Down;8
34000,S;For_S;S;S_S;S;C;Attack;Weakest;S;S_S;S;For_S;S;S_S;S;C;Train;Worker;EnemyDir;8;S;For_S;S;C;Train;Light;Up;8;S;For_S;S;S_S;S;C;Harvest;2;S;C;Build;Barracks;Down;8
35000,S;For_S;S;S_S;S;C;Attack;Weakest;S;S_S;S;For_S;S;S_S;S;C;Train;Worker;EnemyDir;8;S;For_S;S;C;Train;Light;Up;8;S;For_S;S;S_S;S;C;Harvest;2;S;C;Build;Barracks;Down;8
36000,S;For_S;S;S_S;S;C;Attack;Weakest;S;S_S;S;For_S;S;S_S;S;C;Train;Worker;EnemyDir;8;S;For_S;S;C;Train;Light;Up;8;S;For_S;S;S_S;S;C;Harvest;2;S;C;Build;Barracks;Down;8
37000,S;For_S;S;S_S;S;C;Attack;Weakest;S;S_S;S;For_S;S;S_S;S;C;Train;Worker;EnemyDir;8;S;For_S;S;C;Train;Light;Up;8;S;For_S;S;S_S;S;C;Harvest;2;S;C;Build;Barracks;Down;8
38000,S;For_S;S;S_S;S;C;Attack;Weakest;S;S_S;S;For_S;S;S_S;S;C;Train;Worker;EnemyDir;8;S;For_S;S;C;Train;Light;Up;8;S;For_S;S;S_S;S;C;Harvest;2;S;C;Build;Barracks;Down;8
39000,S;For_S;S;S_S;S;C;Attack;Weakest;S;S_S;S;For_S;S;S_S;S;C;Train;Worker;EnemyDir;8;S;For_S;S;C;Train;Light;Up;8;S;For_S;S;S_S;S;C;Harvest;2;S;C;Build;Barracks;Down;8
40000,S;For_S;S;S_S;S;C;Attack;Weakest;S;S_S;S;For_S;S;S_S;S;C;Train;Worker;EnemyDir;8;S;For_S;S;C;Train;Light;Up;8;S;For_S;S;S_S;S;C;Harvest;2;S;C;Build;Barracks;Down;8
41000,S;For_S;S;S_S;S;C;Attack;Weakest;S;S_S;S;For_S;S;S_S;S;C;Train;Worker;EnemyDir;8;S;For_S;S;C;Train;Light;Up;8;S;For_S;S;S_S;S;C;Harvest;2;S;C;Build;Barracks;Down;8
42000,S;For_S;S;S_S;S;C;Attack;Weakest;S;S_S;S;For_S;S;S_S;S;C;Train;Worker;EnemyDir;8;S;For_S;S;C;Train;Light;Up;8;S;For_S;S;S_S;S;C;Harvest;2;S;C;Build;Barracks;Down;8
43000,S;For_S;S;S_S;S;C;Attack;Weakest;S;S_S;S;For_S;S;S_S;S;C;Train;Worker;EnemyDir;8;S;For_S;S;C;Train;Light;Up;8;S;For_S;S;S_S;S;C;Harvest;2;S;C;Build;Barracks;Down;8
44000,S;For_S;S;S_S;S;C;Attack;Weakest;S;S_S;S;For_S;S;S_S;S;C;Train;Worker;EnemyDir;8;S;For_S;S;C;Train;Light;Up;8;S;For_S;S;S_S;S;C;Harvest;2;S;C;Build;Barracks;Down;8
45000,S;For_S;S;S_S;S;C;Attack;Weakest;S;S_S;S;For_S;S;S_S;S;C;Train;Worker;EnemyDir;8;S;For_S;S;C;Train;Light;Up;8;S;For_S;S;S_S;S;C;Harvest;2;S;C;Build;Barracks;Down;8
46000,S;For_S;S;S_S;S;C;Attack;Weakest;S;S_S;S;For_S;S;S_S;S;C;Train;Worker;EnemyDir;8;S;For_S;S;C;Train;Light;Up;8;S;For_S;S;S_S;S;C;Harvest;2;S;C;Build;Barracks;Down;8
47000,S;For_S;S;S_S;S;C;Attack;Weakest;S;S_S;S;For_S;S;S_S;S;C;Train;Worker;EnemyDir;8;S;For_S;S;C;Train;Light;Up;8;S;For_S;S;S_S;S;C;Harvest;2;S;C;Build;Barracks;Down;8
48000,S;For_S;S;S_S;S;C;Attack;Weakest;S;S_S;S;For_S;S;S_S;S;C;Train;Worker;EnemyDir;8;S;For_S;S;C;Train;Light;Up;8;S;For_S;S;S_S;S;C;Harvest;2;S;C;Build;Barracks;Down;8
49000,S;For_S;S;S_S;S;C;Attack;Weakest;S;S_S;S;For_S;S;S_S;S;C;Train;Worker;EnemyDir;8;S;For_S;S;C;Train;Light;Up;8;S;For_S;S;S_S;S;C;Harvest;2;S;C;Build;Barracks;Down;8
50000,S;For_S;S;S_S;S;C;Attack;Weakest;S;S_S;S;For_S;S;S_S;S;C;Train;Worker;EnemyDir;8;S;For_S;S;C;Train;Light;Up;8;S;For_S;S;S_S;S;C;Harvest;2;S;C;Build;Barracks;Down;8
51000,S;For_S;S;S_S;S;C;Attack;Weakest;S;S_S;S;For_S;S;S_S;S;C;Train;Worker;EnemyDir;8;S;For_S;S;C;Train;Light;Up;8;S;For_S;S;S_S;S;C;Harvest;2;S;C;Build;Barracks;Down;8
52000,S;For_S;S;S_S;S;C;Attack;Weakest;S;S_S;S;For_S;S;S_S;S;C;Train;Worker;EnemyDir;8;S;For_S;S;C;Train;Light;Up;8;S;For_S;S;S_S;S;C;Harvest;2;S;C;Build;Barracks;Down;8
53000,S;For_S;S;S_S;S;C;Attack;Weakest;S;S_S;S;For_S;S;S_S;S;C;Train;Worker;EnemyDir;8;S;For_S;S;C;Train;Light;Up;8;S;For_S;S;S_S;S;C;Harvest;2;S;C;Build;Barracks;Down;8
54000,S;For_S;S;S_S;S;C;Attack;Weakest;S;S_S;S;For_S;S;S_S;S;C;Train;Worker;EnemyDir;8;S;For_S;S;C;Train;Light;Up;8;S;For_S;S;S_S;S;C;Harvest;2;S;C;Build;Barracks;Down;8
55000,S;For_S;S;S_S;S;C;Attack;Weakest;S;S_S;S;For_S;S;S_S;S;C;Train;Worker;EnemyDir;8;S;For_S;S;C;Train;Light;Up;8;S;For_S;S;S_S;S;C;Harvest;2;S;C;Build;Barracks;Down;8
56000,S;For_S;S;S_S;S;C;Attack;Weakest;S;S_S;S;For_S;S;S_S;S;C;Train;Worker;EnemyDir;8;S;For_S;S;C;Train;Light;Up;8;S;For_S;S;S_S;S;C;Harvest;2;S;C;Build;Barracks;Down;8
57000,S;For_S;S;S_S;S;C;Attack;Weakest;S;S_S;S;For_S;S;S_S;S;C;Train;Worker;EnemyDir;8;S;For_S;S;C;Train;Light;Up;8;S;For_S;S;S_S;S;C;Harvest;2;S;C;Build;Barracks;Down;8
58000,S;For_S;S;S_S;S;C;Attack;Weakest;S;S_S;S;For_S;S;S_S;S;C;Train;Worker;EnemyDir;8;S;For_S;S;C;Train;Light;Up;8;S;For_S;S;S_S;S;C;Harvest;2;S;C;Build;Barracks;Down;8
59000,S;For_S;S;S_S;S;C;Attack;Weakest;S;S_S;S;For_S;S;S_S;S;C;Train;Worker;EnemyDir;8;S;For_S;S;C;Train;Light;Up;8;S;For_S;S;S_S;S;C;Harvest;2;S;C;Build;Barracks;Down;8
60000,S;For_S;S;S_S;S;C;Attack;Weakest;S;S_S;S;For_S;S;S_S;S;C;Train;Worker;EnemyDir;8;S;For_S;S;C;Train;Light;Up;8;S;For_S;S;S_S;S;C;Harvest;2;S;C;Build;Barracks;Down;8
61000,S;For_S;S;S_S;S;C;Attack;Weakest;S;S_S;S;For_S;S;S_S;S;C;Train;Worker;EnemyDir;8;S;For_S;S;C;Train;Light;Up;8;S;For_S;S;S_S;S;C;Harvest;2;S;C;Build;Barracks;Down;8
62000,S;For_S;S;S_S;S;C;Attack;Weakest;S;S_S;S;For_S;S;S_S;S;C;Train;Worker;EnemyDir;8;S;For_S;S;C;Train;Light;Up;8;S;For_S;S;S_S;S;C;Harvest;2;S;C;Build;Barracks;Down;8
63000,S;For_S;S;S_S;S;C;Attack;Weakest;S;S_S;S;For_S;S;S_S;S;C;Train;Worker;EnemyDir;8;S;For_S;S;C;Train;Light;Up;8;S;For_S;S;S_S;S;C;Harvest;2;S;C;Build;Barracks;Down;8
64000,S;For_S;S;S_S;S;C;Attack;Weakest;S;S_S;S;For_S;S;S_S;S;C;Train;Worker;EnemyDir;8;S;For_S;S;C;Train;Light;Up;8;S;For_S;S;S_S;S;C;Harvest;2;S;C;Build;Barracks;Down;8
65000,S;For_S;S;S_S;S;C;Attack;Weakest;S;S_S;S;For_S;S;S_S;S;C;Train;Worker;EnemyDir;8;S;For_S;S;C;Train;Light;Up;8;S;For_S;S;S_S;S;C;Harvest;2;S;C;Build;Barracks;Down;8
66000,S;For_S;S;S_S;S;C;Attack;Weakest;S;S_S;S;For_S;S;S_S;S;C;Train;Worker;EnemyDir;8;S;For_S;S;C;Train;Light;Up;8;S;For_S;S;S_S;S;C;Harvest;2;S;C;Build;Barracks;Down;8
67000,S;For_S;S;S_S;S;C;Attack;Weakest;S;S_S;S;For_S;S;S_S;S;C;Train;Worker;EnemyDir;8;S;For_S;S;C;Train;Light;Up;8;S;For_S;S;S_S;S;C;Harvest;2;S;C;Build;Barracks;Down;8
68000,S;For_S;S;S_S;S;C;Attack;Weakest;S;S_S;S;For_S;S;S_S;S;C;Train;Worker;EnemyDir;8;S;For_S;S;C;Train;Light;Up;8;S;For_S;S;S_S;S;C;Harvest;2;S;C;Build;Barracks;EnemyDir;10
69000,S;For_S;S;S_S;S;C;Attack;Weakest;S;S_S;S;For_S;S;S_S;S;C;Train;Worker;EnemyDir;8;S;For_S;S;C;Train;Light;Up;8;S;For_S;S;S_S;S;C;Harvest;2;S;C;Build;Barracks;EnemyDir;10
70000,S;For_S;S;S_S;S;C;Attack;Weakest;S;S_S;S;For_S;S;S_S;S;C;Train;Worker;EnemyDir;8;S;For_S;S;C;Train;Light;Up;8;S;For_S;S;S_S;S;C;Harvest;2;S;C;Build;Barracks;EnemyDir;10
71000,S;For_S;S;S_S;S;C;Attack;Weakest;S;S_S;S;For_S;S;S_S;S;C;Train;Worker;EnemyDir;8;S;For_S;S;C;Train;Light;Up;8;S;For_S;S;S_S;S;C;Harvest;2;S;C;Build;Barracks;EnemyDir;10
72000,S;For_S;S;S_S;S;C;Attack;Weakest;S;S_S;S;For_S;S;S_S;S;C;Train;Worker;EnemyDir;8;S;For_S;S;C;Train;Light;Up;8;S;For_S;S;S_S;S;C;Harvest;2;S;C;Build;Barracks;EnemyDir;10
73000,S;For_S;S;S_S;S;C;Attack;Weakest;S;S_S;S;For_S;S;S_S;S;C;Train;Worker;EnemyDir;8;S;For_S;S;C;Train;Light;Up;8;S;For_S;S;S_S;S;C;Harvest;2;S;C;Build;Barracks;EnemyDir;10
74000,S;For_S;S;S_S;S;C;Attack;Weakest;S;S_S;S;For_S;S;S_S;S;C;Train;Worker;EnemyDir;8;S;For_S;S;C;Train;Light;Up;8;S;For_S;S;S_S;S;C;Harvest;2;S;C;Build;Barracks;EnemyDir;10
75000,S;For_S;S;S_S;S;C;Attack;Weakest;S;S_S;S;For_S;S;S_S;S;C;Train;Worker;EnemyDir;8;S;For_S;S;C;Train;Light;Up;8;S;For_S;S;S_S;S;C;Harvest;2;S;C;Build;Barracks;EnemyDir;10
76000,S;For_S;S;S_S;S;C;Attack;Weakest;S;S_S;S;For_S;S;S_S;S;C;Train;Worker;EnemyDir;8;S;For_S;S;C;Train;Light;Up;8;S;For_S;S;S_S;S;C;Harvest;2;S;C;Build;Barracks;EnemyDir;10
77000,S;For_S;S;S_S;S;C;Attack;Weakest;S;S_S;S;For_S;S;S_S;S;C;Train;Worker;EnemyDir;8;S;For_S;S;C;Train;Light;Up;8;S;For_S;S;S_S;S;C;Harvest;2;S;C;Build;Barracks;EnemyDir;10
78000,S;For_S;S;S_S;S;C;Attack;Weakest;S;S_S;S;For_S;S;S_S;S;C;Train;Worker;EnemyDir;8;S;For_S;S;C;Train;Light;Up;8;S;For_S;S;S_S;S;C;Harvest;2;S;C;Build;Barracks;EnemyDir;10
79000,S;For_S;S;S_S;S;C;Attack;Weakest;S;S_S;S;For_S;S;S_S;S;C;Train;Worker;EnemyDir;8;S;For_S;S;C;Train;Light;Up;8;S;For_S;S;S_S;S;C;Harvest;2;S;C;Build;Barracks;EnemyDir;10
80000,S;For_S;S;S_S;S;C;Attack;Weakest;S;S_S;S;For_S;S;S_S;S;C;Train;Worker;EnemyDir;8;S;For_S;S;C;Train;Light;Down;8;S;For_S;S;S_S;S;C;Idle;S;S_S;S;C;Harvest;2;S;C;Build;Barracks;EnemyDir;10
81000,S;For_S;S;S_S;S;C;Attack;Weakest;S;S_S;S;For_S;S;S_S;S;C;Train;Worker;EnemyDir;8;S;For_S;S;C;Train;Light;Down;8;S;For_S;S;S_S;S;C;Idle;S;S_S;S;C;Harvest;2;S;C;Build;Barracks;EnemyDir;10
82000,S;For_S;S;S_S;S;C;Attack;Weakest;S;S_S;S;For_S;S;S_S;S;C;Train;Worker;EnemyDir;8;S;For_S;S;C;Train;Light;Down;8;S;For_S;S;S_S;S;C;Idle;S;S_S;S;C;Harvest;2;S;C;Build;Barracks;EnemyDir;10
83000,S;For_S;S;S_S;S;C;Attack;Weakest;S;S_S;S;For_S;S;S_S;S;C;Train;Worker;EnemyDir;8;S;For_S;S;C;Train;Light;Down;8;S;For_S;S;S_S;S;C;Idle;S;S_S;S;C;Harvest;2;S;C;Build;Barracks;EnemyDir;10
84000,S;For_S;S;S_S;S;C;Attack;Weakest;S;S_S;S;For_S;S;S_S;S;C;Train;Worker;EnemyDir;8;S;For_S;S;C;Train;Light;Down;8;S;For_S;S;S_S;S;C;Idle;S;S_S;S;C;Harvest;2;S;C;Build;Barracks;EnemyDir;10
85000,S;For_S;S;S_S;S;C;Attack;Weakest;S;S_S;S;For_S;S;S_S;S;C;Train;Worker;EnemyDir;8;S;For_S;S;C;Train;Light;Down;8;S;For_S;S;S_S;S;C;Idle;S;S_S;S;C;Harvest;2;S;C;Build;Barracks;EnemyDir;10
86000,S;For_S;S;S_S;S;C;Attack;Weakest;S;S_S;S;For_S;S;S_S;S;C;Train;Worker;EnemyDir;8;S;For_S;S;C;Train;Light;Down;8;S;For_S;S;S_S;S;C;Idle;S;S_S;S;C;Harvest;2;S;C;Build;Barracks;EnemyDir;10
87000,S;For_S;S;S_S;S;C;Attack;Weakest;S;S_S;S;For_S;S;S_S;S;C;Train;Worker;EnemyDir;8;S;For_S;S;C;Train;Light;Down;8;S;For_S;S;S_S;S;C;Idle;S;S_S;S;C;Harvest;2;S;C;Build;Barracks;EnemyDir;10
88000,S;For_S;S;S_S;S;C;Attack;Weakest;S;S_S;S;For_S;S;S_S;S;C;Train;Worker;EnemyDir;8;S;For_S;S;C;Train;Light;Down;8;S;For_S;S;S_S;S;C;Idle;S;S_S;S;C;Harvest;2;S;C;Build;Barracks;EnemyDir;10
89000,S;For_S;S;S_S;S;C;Attack;Weakest;S;S_S;S;For_S;S;S_S;S;C;Train;Worker;EnemyDir;8;S;For_S;S;C;Train;Light;Down;8;S;For_S;S;S_S;S;C;Idle;S;S_S;S;C;Harvest;2;S;C;Build;Barracks;EnemyDir;10
90000,S;For_S;S;S_S;S;C;Attack;Weakest;S;S_S;S;For_S;S;S_S;S;C;Train;Worker;EnemyDir;8;S;For_S;S;C;Train;Light;Down;8;S;For_S;S;S_S;S;C;Idle;S;S_S;S;C;Harvest;2;S;C;Build;Barracks;EnemyDir;10
91000,S;For_S;S;S_S;S;C;Attack;Weakest;S;S_S;S;For_S;S;S_S;S;C;Train;Worker;EnemyDir;8;S;For_S;S;C;Train;Light;Down;8;S;For_S;S;S_S;S;C;Idle;S;S_S;S;C;Harvest;2;S;C;Build;Barracks;EnemyDir;10
92000,S;For_S;S;S_S;S;C;Attack;Weakest;S;S_S;S;For_S;S;S_S;S;C;Train;Worker;EnemyDir;8;S;For_S;S;C;Train;Light;Down;8;S;For_S;S;S_S;S;C;Idle;S;S_S;S;C;Harvest;2;S;C;Build;Barracks;EnemyDir;10
93000,S;For_S;S;S_S;S;C;Attack;Weakest;S;S_S;S;For_S;S;S_S;S;C;Train;Worker;EnemyDir;8;S;For_S;S;C;Train;Light;Down;8;S;For_S;S;S_S;S;C;Idle;S;S_S;S;C;Harvest;2;S;C;Build;Barracks;EnemyDir;10
94000,S;For_S;S;S_S;S;C;Attack;Weakest;S;S_S;S;For_S;S;S_S;S;C;Train;Worker;EnemyDir;8;S;For_S;S;C;Train;Light;Down;8;S;For_S;S;S_S;S;C;Idle;S;S_S;S;C;Harvest;2;S;C;Build;Barracks;EnemyDir;10
95000,S;For_S;S;S_S;S;C;Attack;Weakest;S;S_S;S;For_S;S;S_S;S;C;Train;Worker;EnemyDir;8;S;For_S;S;C;Train;Light;Down;8;S;For_S;S;S_S;S;C;Idle;S;S_S;S;C;Harvest;2;S;C;Build;Barracks;EnemyDir;10
96000,S;For_S;S;S_S;S;C;Attack;Weakest;S;S_S;S;For_S;S;S_S;S;C;Train;Worker;EnemyDir;8;S;For_S;S;C;Train;Light;Down;8;S;For_S;S;S_S;S;C;Idle;S;S_S;S;C;Harvest;2;S;C;Build;Barracks;EnemyDir;10
97000,S;For_S;S;S_S;S;C;Attack;Weakest;S;S_S;S;For_S;S;S_S;S;C;Train;Worker;EnemyDir;8;S;For_S;S;C;Train;Light;Down;8;S;For_S;S;S_S;S;C;Idle;S;S_S;S;C;Harvest;2;S;C;Build;Barracks;EnemyDir;10
98000,S;For_S;S;S_S;S;C;Attack;Weakest;S;S_S;S;For_S;S;S_S;S;C;Train;Worker;EnemyDir;8;S;For_S;S;C;Train;Light;Down;8;S;For_S;S;S_S;S;C;Idle;S;S_S;S;C;Harvest;2;S;C;Build;Barracks;EnemyDir;10
99000,S;For_S;S;S_S;S;C;Attack;Weakest;S;S_S;S;For_S;S;S_S;S;C;Train;Worker;EnemyDir;8;S;For_S;S;C;Train;Light;Down;8;S;For_S;S;S_S;S;C;Idle;S;S_S;S;C;Harvest;2;S;C;Build;Barracks;EnemyDir;10
100000,S;For_S;S;S_S;S;C;Attack;Weakest;S;S_S;S;For_S;S;S_S;S;C;Train;Worker;EnemyDir;8;S;For_S;S;C;Train;Light;Down;8;S;For_S;S;S_S;S;C;Idle;S;S_S;S;C;Harvest;2;S;C;Build;Barracks;EnemyDir;10
101000,S;For_S;S;S_S;S;C;Attack;Weakest;S;S_S;S;For_S;S;S_S;S;C;Train;Worker;EnemyDir;8;S;For_S;S;C;Train;Light;Down;8;S;For_S;S;S_S;S;C;Idle;S;S_S;S;C;Harvest;2;S;C;Build;Barracks;EnemyDir;10
102000,S;For_S;S;S_S;S;C;Attack;Weakest;S;S_S;S;For_S;S;S_S;S;C;Train;Worker;EnemyDir;8;S;For_S;S;C;Train;Light;Down;8;S;For_S;S;S_S;S;C;Idle;S;S_S;S;C;Harvest;2;S;C;Build;Barracks;EnemyDir;10
103000,S;For_S;S;S_S;S;C;Attack;Weakest;S;S_S;S;For_S;S;S_S;S;C;Train;Worker;EnemyDir;8;S;For_S;S;C;Train;Light;Down;8;S;For_S;S;S_S;S;C;Idle;S;S_S;S;C;Harvest;2;S;C;Build;Barracks;EnemyDir;10
104000,S;For_S;S;S_S;S;C;Attack;Weakest;S;S_S;S;For_S;S;S_S;S;C;Train;Worker;EnemyDir;8;S;For_S;S;C;Train;Light;Down;8;S;For_S;S;S_S;S;C;Idle;S;S_S;S;C;Harvest;2;S;C;Build;Barracks;EnemyDir;10
105000,S;For_S;S;S_S;S;C;Attack;Weakest;S;S_S;S;For_S;S;S_S;S;C;Train;Worker;EnemyDir;8;S;For_S;S;C;Train;Light;Down;8;S;For_S;S;S_S;S;C;Idle;S;S_S;S;C;Harvest;2;S;C;Build;Barracks;EnemyDir;10
106000,S;For_S;S;S_S;S;C;Attack;Weakest;S;S_S;S;For_S;S;S_S;S;C;Train;Worker;EnemyDir;8;S;For_S;S;C;Train;Light;Down;8;S;For_S;S;S_S;S;C;Idle;S;S_S;S;C;Harvest;2;S;C;Build;Barracks;EnemyDir;10
107000,S;For_S;S;S_S;S;C;Attack;Weakest;S;S_S;S;For_S;S;S_S;S;C;Train;Worker;EnemyDir;8;S;For_S;S;C;Train;Light;Down;8;S;For_S;S;S_S;S;C;Idle;S;S_S;S;C;Harvest;2;S;C;Build;Barracks;EnemyDir;10
108000,S;For_S;S;S_S;S;C;Attack;Weakest;S;S_S;S;For_S;S;S_S;S;C;Train;Worker;EnemyDir;8;S;For_S;S;C;Train;Light;Down;8;S;For_S;S;S_S;S;C;Idle;S;S_S;S;C;Harvest;2;S;C;Build;Barracks;EnemyDir;10
109000,S;For_S;S;S_S;S;C;Attack;Weakest;S;S_S;S;For_S;S;S_S;S;C;Train;Worker;EnemyDir;8;S;For_S;S;C;Train;Light;Down;8;S;For_S;S;S_S;S;C;Idle;S;S_S;S;C;Harvest;2;S;C;Build;Barracks;EnemyDir;10
110000,S;For_S;S;S_S;S;C;Attack;Weakest;S;S_S;S;For_S;S;S_S;S;C;Train;Worker;EnemyDir;8;S;For_S;S;C;Train;Light;Down;8;S;For_S;S;S_S;S;C;Idle;S;S_S;S;C;Harvest;2;S;C;Build;Barracks;EnemyDir;10
111000,S;For_S;S;S_S;S;C;Attack;Weakest;S;S_S;S;For_S;S;S_S;S;C;Train;Worker;EnemyDir;8;S;For_S;S;C;Train;Light;Down;8;S;For_S;S;S_S;S;C;Idle;S;S_S;S;C;Harvest;2;S;C;Build;Barracks;EnemyDir;10
112000,S;For_S;S;S_S;S;C;Attack;Weakest;S;S_S;S;For_S;S;S_S;S;C;Train;Worker;EnemyDir;8;S;For_S;S;C;Train;Light;Down;8;S;For_S;S;S_S;S;C;Idle;S;S_S;S;C;Harvest;2;S;C;Build;Barracks;EnemyDir;10
113000,S;For_S;S;S_S;S;C;Attack;Weakest;S;S_S;S;For_S;S;S_S;S;C;Train;Worker;EnemyDir;8;S;For_S;S;C;Train;Light;Down;8;S;For_S;S;S_S;S;C;Idle;S;S_S;S;C;Harvest;2;S;C;Build;Barracks;EnemyDir;10
114000,S;For_S;S;S_S;S;C;Attack;Weakest;S;S_S;S;For_S;S;S_S;S;C;Train;Worker;EnemyDir;8;S;For_S;S;C;Train;Light;Down;8;S;For_S;S;S_S;S;C;Idle;S;S_S;S;C;Harvest;2;S;C;Build;Barracks;EnemyDir;10
115000,S;For_S;S;S_S;S;C;Attack;Weakest;S;S_S;S;For_S;S;S_S;S;C;Train;Worker;EnemyDir;8;S;For_S;S;C;Train;Light;Down;8;S;For_S;S;S_S;S;C;Idle;S;S_S;S;C;Harvest;2;S;C;Build;Barracks;EnemyDir;10
116000,S;For_S;S;S_S;S;C;Attack;Weakest;S;S_S;S;For_S;S;S_S;S;C;Train;Worker;EnemyDir;8;S;For_S;S;C;Train;Light;Down;8;S;For_S;S;S_S;S;C;Idle;S;S_S;S;C;Harvest;2;S;C;Build;Barracks;EnemyDir;10
117000,S;For_S;S;S_S;S;C;Attack;Weakest;S;S_S;S;For_S;S;S_S;S;C;Train;Worker;EnemyDir;8;S;For_S;S;C;Train;Light;Down;8;S;For_S;S;S_S;S;C;Idle;S;S_S;S;C;Harvest;2;S;C;Build;Barracks;EnemyDir;10
118000,S;For_S;S;S_S;S;C;Attack;Weakest;S;S_S;S;For_S;S;S_S;S;C;Train;Worker;EnemyDir;8;S;For_S;S;C;Train;Light;Down;8;S;For_S;S;S_S;S;C;Idle;S;S_S;S;C;Harvest;2;S;C;Build;Barracks;EnemyDir;10
119000,S;For_S;S;S_S;S;C;Attack;Weakest;S;S_S;S;For_S;S;S_S;S;C;Train;Worker;EnemyDir;8;S;For_S;S;C;Train;Light;Down;8;S;For_S;S;S_S;S;C;Idle;S;S_S;S;C;Harvest;2;S;C;Build;Barracks;EnemyDir;10
120000,S;For_S;S;S_S;S;C;Attack;Weakest;S;S_S;S;For_S;S;S_S;S;C;Train;Worker;EnemyDir;8;S;For_S;S;C;Train;Light;Down;8;S;For_S;S;S_S;S;C;Idle;S;S_S;S;C;Harvest;2;S;C;Build;Barracks;EnemyDir;10
