1000,S;For_S;S;S_S;S;For_S;S;C;Idle;S;S_S;S;C;Harvest;1;S;S_S;S;C;Attack;MostHealthy;S;C;Train;Worker;Right;50
2000,S;For_S;S;S_S;S;For_S;S;C;Idle;S;S_S;S;C;Harvest;1;S;S_S;S;C;Attack;MostHealthy;S;C;Train;Worker;Right;50
3000,S;For_S;S;S_S;S;For_S;S;C;Idle;S;S_S;S;C;Harvest;1;S;S_S;S;C;Attack;MostHealthy;S;C;Train;Worker;Right;50
4000,S;For_S;S;S_S;S;If_B_then_S;B;IsBuilder;S;S_S;S;S_S;S;S_S;S;For_S;S;C;Idle;S;S_S;S;C;Harvest;2;S;For_S;S;C;Harvest;4;S;C;MoveToUnit;Enemy;Strongest;S;S_S;S;C;Build;Base;EnemyDir;25;S;C;Harvest;50;S;C;Train;Worker;Left;15
5000,S;For_S;S;S_S;S;If_B_then_S;B;IsBuilder;S;S_S;S;S_S;S;S_S;S;C;Harvest;2;S;For_S;S;C;Harvest;4;S;C;Attack;LessHealthy;S;C;MoveToUnit;Enemy;Strongest;S;C;Train;Worker;Left;15
6000,S;For_S;S;S_S;S;If_B_then_S;B;IsBuilder;S;S_S;S;S_S;S;S_S;S;C;Idle;S;C;Harvest;50;S;For_S;S;S_S;S;C;Build;Base;Right;2;S;C;Attack;Strongest;S;C;MoveToUnit;Enemy;Strongest;S;C;Train;Worker;EnemyDir;15
7000,S;For_S;S;S_S;S;If_B_then_S;B;IsBuilder;S;S_S;S;S_S;S;S_S;S;C;Idle;S;C;Harvest;50;S;For_S;S;S_S;S;C;Build;Base;Right;2;S;C;Attack;Strongest;S;C;MoveToUnit;Enemy;Strongest;S;C;Train;Worker;EnemyDir;15
8000,S;For_S;S;S_S;S;If_B_then_S;B;IsBuilder;S;S_S;S;For_S;S;C;Harvest;5;S;S_S;S;For_S;S;S_S;S;C;Build;Base;Right;2;S;C;Attack;Strongest;S;C;MoveToUnit;Enemy;Strongest;S;C;Train;Worker;EnemyDir;20
9000,S;S_S;S;For_S;S;S_S;S;If_B_then_S;B;IsBuilder;S;S_S;S;S_S;S;For_S;S;C;Harvest;2;S;For_S;S;C;Train;Light;EnemyDir;9;S;S_S;S;For_S;S;S_S;S;For_S;S;C;Build;Barracks;Down;20;S;S_S;S;For_S;S;C;Attack;Closest;S;C;MoveToUnit;Ally;Strongest;S;C;MoveToUnit;Enemy;Strongest;S;C;Train;Worker;EnemyDir;20;S;For_S;S;C;MoveToUnit;Enemy;Weakest
10000,S;S_S;S;For_S;S;S_S;S;If_B_then_S;B;IsBuilder;S;S_S;S;S_S;S;For_S;S;C;Harvest;4;S;For_S;S;C;Train;Heavy;EnemyDir;9;S;S_S;S;For_S;S;S_S;S;For_S;S;C;Build;Barracks;Down;20;S;S_S;S;For_S;S;C;Attack;Closest;S;C;MoveToUnit;Ally;Strongest;S;C;MoveToUnit;Ally;Closest;S;C;Train;Worker;EnemyDir;6;S;For_S;S;C;MoveToUnit;Enemy;Weakest
11000,S;S_S;S;For_S;S;S_S;S;If_B_then_S;B;IsBuilder;S;S_S;S;S_S;S;For_S;S;C;Harvest;4;S;For_S;S;C;Train;Heavy;Up;9;S;S_S;S;For_S;S;S_S;S;For_S;S;C;Build;Barracks;Down;20;S;S_S;S;C;Idle;S;For_S;S;C;Train;Ranged;Up;15;S;C;MoveToUnit;Ally;Closest;S;C;Train;Worker;EnemyDir;6;S;For_S;S;C;MoveToUnit;Enemy;Weakest
12000,S;S_S;S;For_S;S;S_S;S;If_B_then_S;B;IsBuilder;S;S_S;S;S_S;S;For_S;S;C;Harvest;4;S;For_S;S;C;Train;Heavy;Up;9;S;S_S;S;For_S;S;S_S;S;For_S;S;C;Build;Barracks;Down;20;S;S_S;S;C;Idle;S;For_S;S;C;Train;Ranged;Up;15;S;C;MoveToUnit;Ally;Closest;S;C;Train;Worker;EnemyDir;6;S;For_S;S;C;MoveToUnit;Enemy;Weakest
13000,S;S_S;S;S_S;S;S_S;S;For_S;S;S_S;S;If_B_then_S;B;IsBuilder;S;S_S;S;S_S;S;For_S;S;C;Harvest;4;S;For_S;S;C;Train;Heavy;Up;9;S;S_S;S;For_S;S;S_S;S;For_S;S;C;Build;Barracks;Down;20;S;S_S;S;C;Idle;S;For_S;S;C;Train;Ranged;Up;15;S;C;MoveToUnit;Ally;Closest;S;C;Train;Worker;EnemyDir;6;S;For_S;S;C;MoveToUnit;Enemy;Weakest;S;For_S;S;If_B_then_S;B;HasUnitInOpponentRange;S;C;Idle;S;For_S;S;C;MoveToUnit;Enemy;Strongest
14000,S;S_S;S;S_S;S;For_S;S;S_S;S;S_S;S;C;Idle;S;If_B_then_S;B;IsBuilder;S;S_S;S;S_S;S;For_S;S;C;Harvest;4;S;For_S;S;C;Train;Heavy;Up;9;S;S_S;S;For_S;S;S_S;S;For_S;S;C;Build;Barracks;Down;20;S;S_S;S;C;Idle;S;For_S;S;C;Train;Ranged;Up;15;S;C;MoveToUnit;Ally;Closest;S;C;Train;Worker;EnemyDir;6;S;For_S;S;C;MoveToUnit;Enemy;Closest;S;For_S;S;S_S;S;For_S;S;S_S;S;C;MoveToUnit;Ally;Strongest;S;C;MoveToUnit;Ally;Weakest;S;If_B_then_S;B;is_Type;Barracks;S;C;MoveToUnit;Ally;Closest
15000,S;S_S;S;S_S;S;S_S;S;For_S;S;S_S;S;If_B_then_S;B;IsBuilder;S;S_S;S;S_S;S;For_S;S;C;Harvest;4;S;For_S;S;C;Train;Heavy;Up;9;S;S_S;S;For_S;S;S_S;S;For_S;S;C;Build;Barracks;Down;3;S;S_S;S;C;Idle;S;For_S;S;C;Train;Ranged;Up;15;S;C;MoveToUnit;Ally;Closest;S;C;Train;Worker;EnemyDir;6;S;For_S;S;C;MoveToUnit;Enemy;Weakest;S;For_S;S;S_S;S;C;MoveToUnit;Ally;Weakest;S;If_B_then_S;B;HasUnitInOpponentRange;S;C;Idle;S;For_S;S;C;MoveToUnit;Enemy;Strongest
16000,S;S_S;S;S_S;S;S_S;S;For_S;S;S_S;S;If_B_then_S;B;IsBuilder;S;S_S;S;S_S;S;For_S;S;C;Harvest;4;S;For_S;S;C;Train;Heavy;Up;9;S;S_S;S;For_S;S;S_S;S;S_S;S;For_S;S;C;Build;Barracks;Down;3;S;S_S;S;C;Idle;S;C;Train;Light;Down;6;S;C;Attack;Closest;S;C;MoveToUnit;Ally;Closest;S;C;Train;Worker;EnemyDir;6;S;For_S;S;C;MoveToUnit;Enemy;Weakest;S;For_S;S;If_B_then_S;B;HasUnitInOpponentRange;S;C;Idle;S;For_S;S;C;MoveToUnit;Enemy;Strongest
17000,S;S_S;S;For_S;S;S_S;S;S_S;S;If_B_then_S;B;IsBuilder;S;S_S;S;S_S;S;For_S;S;C;Harvest;4;S;For_S;S;C;Train;Heavy;Down;9;S;S_S;S;For_S;S;S_S;S;For_S;S;S_S;S;C;Build;Barracks;EnemyDir;3;S;C;Harvest;7;S;S_S;S;C;Idle;S;C;Attack;Closest;S;C;MoveToUnit;Ally;Closest;S;C;Train;Ranged;Up;1;S;C;Train;Worker;EnemyDir;6;S;For_S;S;C;MoveToUnit;Enemy;Farthest
18000,S;S_S;S;For_S;S;S_S;S;S_S;S;If_B_then_S;B;IsBuilder;S;S_S;S;S_S;S;For_S;S;C;Harvest;4;S;For_S;S;C;Train;Heavy;Down;9;S;S_S;S;For_S;S;S_S;S;For_S;S;S_S;S;C;Build;Barracks;EnemyDir;3;S;C;Harvest;7;S;S_S;S;C;Idle;S;C;Attack;Closest;S;C;MoveToUnit;Ally;Closest;S;C;Train;Ranged;Up;1;S;C;Train;Worker;EnemyDir;6;S;For_S;S;C;MoveToUnit;Enemy;Farthest
19000,S;S_S;S;For_S;S;S_S;S;S_S;S;If_B_then_S;B;IsBuilder;S;S_S;S;S_S;S;For_S;S;C;Harvest;4;S;For_S;S;C;Train;Heavy;Down;9;S;S_S;S;For_S;S;S_S;S;For_S;S;S_S;S;C;Build;Barracks;EnemyDir;3;S;C;Harvest;7;S;S_S;S;C;Attack;Weakest;S;For_S;S;C;Idle;S;C;MoveToUnit;Ally;LessHealthy;S;C;Train;Ranged;EnemyDir;1;S;C;Train;Worker;EnemyDir;6;S;For_S;S;C;MoveToUnit;Enemy;Farthest
20000,S;S_S;S;For_S;S;S_S;S;S_S;S;If_B_then_S;B;IsBuilder;S;S_S;S;S_S;S;For_S;S;C;Harvest;4;S;For_S;S;C;Train;Heavy;Down;9;S;S_S;S;For_S;S;S_S;S;For_S;S;S_S;S;C;Build;Barracks;EnemyDir;3;S;C;Harvest;7;S;S_S;S;C;Attack;Weakest;S;For_S;S;C;Idle;S;C;MoveToUnit;Ally;LessHealthy;S;C;Train;Ranged;EnemyDir;1;S;C;Train;Worker;EnemyDir;6;S;For_S;S;C;MoveToUnit;Enemy;Farthest
21000,S;S_S;S;For_S;S;S_S;S;S_S;S;If_B_then_S;B;IsBuilder;S;S_S;S;S_S;S;For_S;S;C;Harvest;4;S;For_S;S;C;Train;Heavy;Down;9;S;S_S;S;For_S;S;S_S;S;For_S;S;S_S;S;C;Build;Barracks;EnemyDir;3;S;C;Harvest;7;S;S_S;S;C;Attack;Weakest;S;For_S;S;C;Idle;S;C;MoveToUnit;Ally;LessHealthy;S;C;Train;Ranged;EnemyDir;1;S;C;Train;Worker;EnemyDir;6;S;For_S;S;C;MoveToUnit;Enemy;Farthest
22000,S;S_S;S;S_S;S;For_S;S;S_S;S;S_S;S;If_B_then_S;B;IsBuilder;S;S_S;S;S_S;S;For_S;S;C;Harvest;4;S;For_S;S;C;Train;Heavy;Down;9;S;S_S;S;For_S;S;S_S;S;For_S;S;S_S;S;C;Build;Barracks;EnemyDir;3;S;S_S;S;C;Idle;S;C;Harvest;7;S;C;Attack;Weakest;S;C;MoveToUnit;Ally;LessHealthy;S;C;Train;Ranged;EnemyDir;1;S;C;Train;Worker;EnemyDir;6;S;For_S;S;C;Attack;Closest;S;For_S;S;C;MoveToUnit;Enemy;Farthest
23000,S;S_S;S;S_S;S;For_S;S;S_S;S;S_S;S;If_B_then_S;B;IsBuilder;S;S_S;S;S_S;S;For_S;S;C;Harvest;4;S;For_S;S;C;Train;Heavy;Down;9;S;S_S;S;For_S;S;S_S;S;For_S;S;S_S;S;C;Build;Barracks;EnemyDir;3;S;S_S;S;C;Idle;S;C;Harvest;7;S;C;Attack;Weakest;S;C;MoveToUnit;Ally;LessHealthy;S;C;Train;Ranged;EnemyDir;1;S;C;Train;Worker;EnemyDir;6;S;For_S;S;C;Attack;Closest;S;For_S;S;C;MoveToUnit;Enemy;Farthest
24000,S;S_S;S;S_S;S;For_S;S;S_S;S;S_S;S;If_B_then_S;B;IsBuilder;S;S_S;S;S_S;S;For_S;S;C;Harvest;4;S;For_S;S;C;Train;Heavy;Down;7;S;S_S;S;For_S;S;S_S;S;For_S;S;S_S;S;C;Build;Barracks;EnemyDir;3;S;S_S;S;C;Idle;S;C;Harvest;7;S;C;Attack;Strongest;S;C;MoveToUnit;Ally;LessHealthy;S;C;Idle;S;C;Train;Worker;EnemyDir;6;S;For_S;S;C;Attack;Closest;S;For_S;S;C;MoveToUnit;Enemy;Farthest
25000,S;S_S;S;For_S;S;S_S;S;S_S;S;If_B_then_S;B;IsBuilder;S;S_S;S;S_S;S;S_S;S;S_S;S;C;Idle;S;C;Harvest;7;S;For_S;S;C;Harvest;4;S;For_S;S;C;Train;Heavy;Down;7;S;S_S;S;For_S;S;S_S;S;For_S;S;S_S;S;C;Build;Barracks;EnemyDir;3;S;S_S;S;C;Idle;S;C;Harvest;7;S;C;Attack;Strongest;S;C;MoveToUnit;Ally;LessHealthy;S;C;Idle;S;C;Train;Worker;EnemyDir;6;S;For_S;S;C;Attack;Closest
26000,S;S_S;S;For_S;S;S_S;S;S_S;S;If_B_then_S;B;IsBuilder;S;S_S;S;S_S;S;S_S;S;S_S;S;C;Idle;S;C;Harvest;7;S;For_S;S;C;Harvest;4;S;For_S;S;C;Train;Heavy;Down;7;S;S_S;S;For_S;S;S_S;S;For_S;S;S_S;S;C;Build;Barracks;EnemyDir;3;S;S_S;S;C;Idle;S;C;Harvest;7;S;C;Attack;Strongest;S;C;MoveToUnit;Ally;LessHealthy;S;C;Idle;S;C;Train;Worker;EnemyDir;6;S;For_S;S;C;Attack;Closest
27000,S;S_S;S;For_S;S;S_S;S;S_S;S;If_B_then_S;B;IsBuilder;S;S_S;S;S_S;S;S_S;S;S_S;S;If_B_then_S;B;HasUnitInOpponentRange;S;S_S;S;C;MoveToUnit;Enemy;Weakest;S;C;Attack;Closest;S;C;Harvest;7;S;For_S;S;C;Harvest;4;S;For_S;S;C;Train;Heavy;Down;7;S;S_S;S;For_S;S;S_S;S;For_S;S;S_S;S;C;Build;Barracks;EnemyDir;3;S;S_S;S;C;Idle;S;C;Harvest;7;S;C;Attack;Strongest;S;C;MoveToUnit;Ally;LessHealthy;S;C;Idle;S;C;Train;Worker;EnemyDir;6;S;For_S;S;C;Attack;Closest
28000,S;S_S;S;For_S;S;S_S;S;S_S;S;If_B_then_S;B;IsBuilder;S;S_S;S;S_S;S;S_S;S;S_S;S;If_B_then_S;B;HasUnitInOpponentRange;S;S_S;S;C;MoveToUnit;Enemy;Weakest;S;C;Attack;Closest;S;C;Harvest;7;S;For_S;S;C;Harvest;4;S;For_S;S;C;Train;Heavy;Down;7;S;S_S;S;For_S;S;S_S;S;For_S;S;S_S;S;C;Build;Barracks;EnemyDir;3;S;S_S;S;C;Idle;S;C;Harvest;7;S;C;Attack;Strongest;S;C;MoveToUnit;Ally;LessHealthy;S;C;Idle;S;C;Train;Worker;EnemyDir;6;S;For_S;S;C;Attack;Closest
29000,S;S_S;S;For_S;S;S_S;S;S_S;S;If_B_then_S;B;IsBuilder;S;S_S;S;S_S;S;S_S;S;S_S;S;If_B_then_S;B;HasUnitInOpponentRange;S;S_S;S;C;MoveToUnit;Enemy;Weakest;S;C;Attack;Closest;S;C;Harvest;7;S;For_S;S;C;Harvest;4;S;For_S;S;C;Train;Heavy;Down;7;S;S_S;S;For_S;S;S_S;S;For_S;S;S_S;S;C;Build;Barracks;EnemyDir;3;S;S_S;S;C;Idle;S;C;Harvest;7;S;C;Attack;Strongest;S;C;MoveToUnit;Ally;LessHealthy;S;C;Idle;S;C;Train;Worker;EnemyDir;6;S;For_S;S;C;Attack;Closest
30000,S;S_S;S;For_S;S;S_S;S;S_S;S;If_B_then_S;B;IsBuilder;S;S_S;S;S_S;S;S_S;S;S_S;S;S_S;S;If_B_then_S;B;HasUnitInOpponentRange;S;S_S;S;C;MoveToUnit;Enemy;Weakest;S;C;Attack;Closest;S;C;Harvest;7;S;For_S;S;C;Harvest;4;S;C;Attack;Strongest;S;For_S;S;C;Train;Heavy;Down;7;S;S_S;S;For_S;S;S_S;S;For_S;S;S_S;S;C;Build;Barracks;EnemyDir;3;S;S_S;S;C;Idle;S;C;Harvest;7;S;If_B_then_S_else_S;B;IsBuilder;S;C;Attack;Farthest;S;Empty;S;C;MoveToUnit;Ally;LessHealthy;S;C;Idle;S;C;Train;Worker;EnemyDir;6;S;For_S;S;C;Attack;Closest
31000,S;S_S;S;For_S;S;S_S;S;S_S;S;If_B_then_S;B;IsBuilder;S;S_S;S;S_S;S;S_S;S;S_S;S;S_S;S;If_B_then_S;B;HasUnitInOpponentRange;S;S_S;S;C;MoveToUnit;Enemy;Weakest;S;C;Attack;Closest;S;C;Harvest;7;S;For_S;S;C;Harvest;4;S;C;Attack;Strongest;S;For_S;S;C;Train;Heavy;Down;7;S;S_S;S;For_S;S;S_S;S;For_S;S;S_S;S;C;Build;Barracks;EnemyDir;3;S;S_S;S;C;Idle;S;C;Harvest;7;S;If_B_then_S_else_S;B;IsBuilder;S;C;Attack;Farthest;S;Empty;S;C;MoveToUnit;Ally;LessHealthy;S;C;Idle;S;C;Train;Worker;EnemyDir;6;S;For_S;S;C;Attack;Closest
32000,S;S_S;S;For_S;S;S_S;S;S_S;S;If_B_then_S;B;IsBuilder;S;S_S;S;S_S;S;S_S;S;S_S;S;S_S;S;If_B_then_S;B;HasUnitInOpponentRange;S;S_S;S;C;MoveToUnit;Enemy;Weakest;S;C;Attack;Closest;S;C;Harvest;7;S;For_S;S;C;Harvest;4;S;C;Attack;Strongest;S;For_S;S;C;Train;Heavy;Down;7;S;S_S;S;For_S;S;S_S;S;For_S;S;S_S;S;C;Build;Barracks;EnemyDir;3;S;S_S;S;C;Idle;S;C;Harvest;7;S;If_B_then_S_else_S;B;IsBuilder;S;C;Attack;Farthest;S;Empty;S;C;MoveToUnit;Ally;LessHealthy;S;C;Idle;S;C;Train;Worker;EnemyDir;6;S;For_S;S;C;Attack;Closest
33000,S;For_S;S;S_S;S;If_B_then_S;B;CanAttack;S;S_S;S;S_S;S;S_S;S;S_S;S;S_S;S;If_B_then_S;B;HasUnitInOpponentRange;S;S_S;S;C;MoveToUnit;Enemy;Weakest;S;C;Attack;Closest;S;C;Harvest;7;S;For_S;S;C;Harvest;4;S;C;Attack;Strongest;S;For_S;S;C;Train;Heavy;Down;7;S;S_S;S;For_S;S;For_S;S;S_S;S;C;Build;Barracks;EnemyDir;3;S;S_S;S;C;Idle;S;C;Harvest;7;S;C;MoveToUnit;Ally;LessHealthy;S;C;Train;Worker;EnemyDir;6
34000,S;For_S;S;S_S;S;If_B_then_S;B;CanAttack;S;S_S;S;S_S;S;S_S;S;S_S;S;S_S;S;If_B_then_S;B;HasUnitInOpponentRange;S;S_S;S;C;MoveToUnit;Enemy;Weakest;S;C;Attack;Closest;S;C;Harvest;7;S;For_S;S;C;Harvest;4;S;C;Attack;Strongest;S;For_S;S;C;Train;Heavy;Down;7;S;S_S;S;For_S;S;For_S;S;S_S;S;C;Build;Barracks;EnemyDir;3;S;S_S;S;C;Idle;S;C;Harvest;7;S;C;MoveToUnit;Ally;LessHealthy;S;C;Train;Worker;EnemyDir;6
35000,S;For_S;S;S_S;S;If_B_then_S;B;CanAttack;S;S_S;S;S_S;S;S_S;S;S_S;S;S_S;S;If_B_then_S;B;HasUnitInOpponentRange;S;S_S;S;C;MoveToUnit;Enemy;Weakest;S;C;Attack;Closest;S;C;Harvest;7;S;For_S;S;C;Harvest;4;S;C;Attack;Strongest;S;For_S;S;C;Train;Heavy;Down;7;S;S_S;S;For_S;S;For_S;S;S_S;S;C;Build;Barracks;EnemyDir;3;S;S_S;S;C;Idle;S;C;Harvest;7;S;C;MoveToUnit;Ally;LessHealthy;S;C;Train;Worker;EnemyDir;6
36000,S;For_S;S;S_S;S;If_B_then_S;B;CanAttack;S;S_S;S;S_S;S;C;Idle;S;For_S;S;C;Train;Heavy;EnemyDir;10;S;S_S;S;For_S;S;For_S;S;S_S;S;C;Build;Barracks;EnemyDir;3;S;S_S;S;C;Idle;S;C;Harvest;7;S;C;Attack;LessHealthy;S;C;Train;Worker;EnemyDir;6
37000,S;For_S;S;S_S;S;If_B_then_S;B;CanAttack;S;S_S;S;S_S;S;C;Idle;S;For_S;S;C;Train;Heavy;EnemyDir;10;S;S_S;S;For_S;S;For_S;S;S_S;S;C;Build;Barracks;EnemyDir;3;S;S_S;S;C;Idle;S;C;Harvest;7;S;C;Attack;LessHealthy;S;C;Train;Worker;EnemyDir;6
38000,S;For_S;S;S_S;S;If_B_then_S;B;CanAttack;S;S_S;S;S_S;S;C;Idle;S;For_S;S;C;Train;Heavy;EnemyDir;10;S;S_S;S;For_S;S;For_S;S;S_S;S;C;Build;Barracks;EnemyDir;3;S;S_S;S;C;Idle;S;C;Harvest;7;S;C;Attack;LessHealthy;S;C;Train;Worker;EnemyDir;6
39000,S;For_S;S;S_S;S;If_B_then_S;B;CanAttack;S;S_S;S;S_S;S;C;Idle;S;For_S;S;C;Train;Heavy;EnemyDir;10;S;S_S;S;For_S;S;For_S;S;S_S;S;C;Build;Barracks;EnemyDir;3;S;S_S;S;C;Idle;S;C;Harvest;7;S;C;Attack;LessHealthy;S;C;Train;Worker;EnemyDir;6
40000,S;For_S;S;S_S;S;If_B_then_S;B;CanAttack;S;S_S;S;S_S;S;C;Idle;S;For_S;S;C;Train;Heavy;EnemyDir;10;S;S_S;S;For_S;S;For_S;S;S_S;S;C;Build;Barracks;EnemyDir;3;S;S_S;S;C;Idle;S;C;Harvest;7;S;C;Attack;LessHealthy;S;C;Train;Worker;EnemyDir;6
41000,S;For_S;S;S_S;S;If_B_then_S;B;CanAttack;S;S_S;S;S_S;S;C;Idle;S;For_S;S;C;Train;Heavy;EnemyDir;10;S;S_S;S;For_S;S;S_S;S;C;Build;Barracks;EnemyDir;5;S;S_S;S;C;Idle;S;C;Harvest;7;S;C;Attack;Closest;S;C;Train;Worker;Left;6
42000,S;For_S;S;S_S;S;If_B_then_S;B;CanAttack;S;S_S;S;S_S;S;C;Idle;S;For_S;S;C;Train;Heavy;EnemyDir;10;S;S_S;S;For_S;S;S_S;S;C;Build;Barracks;EnemyDir;5;S;S_S;S;C;Idle;S;C;Harvest;7;S;C;Attack;Closest;S;C;Train;Worker;Left;6
43000,S;For_S;S;S_S;S;If_B_then_S;B;CanAttack;S;S_S;S;S_S;S;C;Idle;S;For_S;S;C;Train;Heavy;EnemyDir;10;S;S_S;S;For_S;S;S_S;S;C;Build;Barracks;EnemyDir;5;S;S_S;S;C;Idle;S;C;Harvest;7;S;C;Attack;Closest;S;C;Train;Worker;Left;6
44000,S;For_S;S;S_S;S;If_B_then_S;B;CanAttack;S;S_S;S;S_S;S;C;Idle;S;For_S;S;C;Train;Heavy;EnemyDir;10;S;S_S;S;For_S;S;S_S;S;C;Build;Barracks;EnemyDir;5;S;S_S;S;C;Idle;S;C;Harvest;7;S;C;Attack;LessHealthy;S;C;Train;Worker;Left;6
45000,S;For_S;S;S_S;S;If_B_then_S;B;CanAttack;S;S_S;S;S_S;S;C;Idle;S;For_S;S;C;Train;Heavy;EnemyDir;10;S;S_S;S;For_S;S;S_S;S;C;Build;Barracks;EnemyDir;5;S;S_S;S;C;Idle;S;C;Harvest;7;S;C;Attack;LessHealthy;S;C;Train;Worker;Left;6
46000,S;For_S;S;S_S;S;If_B_then_S;B;CanAttack;S;S_S;S;S_S;S;C;Idle;S;For_S;S;C;Train;Heavy;EnemyDir;10;S;S_S;S;For_S;S;S_S;S;C;Build;Barracks;EnemyDir;5;S;S_S;S;C;Idle;S;C;Harvest;7;S;C;Attack;LessHealthy;S;C;Train;Worker;Left;6
47000,S;For_S;S;S_S;S;If_B_then_S;B;CanAttack;S;S_S;S;S_S;S;C;Idle;S;For_S;S;C;Train;Heavy;EnemyDir;10;S;S_S;S;For_S;S;S_S;S;C;Build;Barracks;EnemyDir;5;S;S_S;S;C;Idle;S;C;Harvest;7;S;C;Attack;LessHealthy;S;C;Train;Worker;Left;6
48000,S;For_S;S;S_S;S;If_B_then_S;B;CanAttack;S;S_S;S;S_S;S;C;Idle;S;For_S;S;C;Train;Heavy;EnemyDir;10;S;S_S;S;For_S;S;S_S;S;C;Build;Barracks;EnemyDir;5;S;S_S;S;C;Idle;S;C;Harvest;7;S;C;Attack;LessHealthy;S;C;Train;Worker;Left;6
49000,S;For_S;S;S_S;S;If_B_then_S;B;CanAttack;S;S_S;S;S_S;S;C;Idle;S;For_S;S;C;Train;Heavy;EnemyDir;10;S;S_S;S;For_S;S;S_S;S;C;Build;Barracks;EnemyDir;5;S;S_S;S;C;Idle;S;C;Harvest;7;S;C;Attack;LessHealthy;S;C;Train;Worker;Left;6
50000,S;For_S;S;S_S;S;If_B_then_S;B;CanAttack;S;S_S;S;S_S;S;C;Idle;S;For_S;S;C;Train;Heavy;EnemyDir;10;S;S_S;S;For_S;S;S_S;S;C;Build;Barracks;EnemyDir;5;S;S_S;S;C;Idle;S;C;Harvest;7;S;C;Attack;LessHealthy;S;C;Train;Worker;Left;6
51000,S;For_S;S;S_S;S;If_B_then_S;B;CanAttack;S;S_S;S;S_S;S;C;Idle;S;For_S;S;C;Train;Heavy;EnemyDir;10;S;S_S;S;For_S;S;S_S;S;C;Build;Barracks;EnemyDir;5;S;S_S;S;C;Idle;S;C;Harvest;7;S;C;Attack;LessHealthy;S;C;Train;Worker;Left;6
52000,S;For_S;S;S_S;S;If_B_then_S;B;CanAttack;S;S_S;S;S_S;S;C;Idle;S;For_S;S;C;Train;Heavy;EnemyDir;10;S;S_S;S;For_S;S;S_S;S;C;Build;Barracks;EnemyDir;5;S;S_S;S;C;Idle;S;C;Harvest;7;S;C;Attack;LessHealthy;S;C;Train;Worker;Left;6
53000,S;For_S;S;S_S;S;If_B_then_S;B;CanAttack;S;S_S;S;S_S;S;C;Idle;S;For_S;S;C;Train;Heavy;EnemyDir;10;S;S_S;S;For_S;S;S_S;S;C;Build;Barracks;EnemyDir;5;S;S_S;S;C;Idle;S;C;Harvest;7;S;C;Attack;LessHealthy;S;C;Train;Worker;Left;6
54000,S;For_S;S;S_S;S;If_B_then_S;B;CanAttack;S;S_S;S;S_S;S;C;Idle;S;For_S;S;C;Train;Heavy;EnemyDir;10;S;S_S;S;For_S;S;S_S;S;C;Build;Barracks;EnemyDir;5;S;S_S;S;C;Idle;S;C;Harvest;7;S;C;Attack;LessHealthy;S;C;Train;Worker;Left;6
55000,S;For_S;S;S_S;S;If_B_then_S;B;CanAttack;S;S_S;S;S_S;S;C;Idle;S;For_S;S;C;Train;Heavy;EnemyDir;10;S;S_S;S;For_S;S;S_S;S;C;Build;Barracks;EnemyDir;5;S;S_S;S;C;Idle;S;C;Harvest;7;S;C;Attack;LessHealthy;S;C;Train;Worker;Left;6
56000,S;For_S;S;S_S;S;If_B_then_S;B;CanAttack;S;S_S;S;S_S;S;C;Idle;S;For_S;S;C;Train;Heavy;EnemyDir;10;S;S_S;S;For_S;S;S_S;S;C;Build;Barracks;EnemyDir;5;S;S_S;S;C;Idle;S;C;Harvest;7;S;C;Attack;LessHealthy;S;C;Train;Worker;Left;6
57000,S;For_S;S;S_S;S;If_B_then_S;B;CanAttack;S;S_S;S;S_S;S;C;Idle;S;For_S;S;C;Train;Heavy;EnemyDir;10;S;S_S;S;For_S;S;S_S;S;C;Build;Barracks;EnemyDir;5;S;S_S;S;C;Idle;S;C;Harvest;7;S;C;Attack;LessHealthy;S;C;Train;Worker;Left;6
58000,S;For_S;S;S_S;S;If_B_then_S;B;CanAttack;S;S_S;S;S_S;S;C;Idle;S;For_S;S;C;Train;Heavy;EnemyDir;10;S;S_S;S;For_S;S;S_S;S;C;Build;Barracks;EnemyDir;5;S;S_S;S;C;Idle;S;C;Harvest;7;S;C;Attack;LessHealthy;S;C;Train;Worker;Left;6
59000,S;For_S;S;S_S;S;If_B_then_S;B;CanAttack;S;S_S;S;S_S;S;C;Idle;S;For_S;S;C;Train;Heavy;EnemyDir;10;S;S_S;S;For_S;S;S_S;S;C;Build;Barracks;EnemyDir;5;S;S_S;S;C;Idle;S;C;Harvest;7;S;C;Attack;LessHealthy;S;C;Train;Worker;Left;6
60000,S;For_S;S;S_S;S;If_B_then_S;B;CanAttack;S;S_S;S;S_S;S;S_S;S;C;Idle;S;For_S;S;C;Train;Heavy;Down;2;S;For_S;S;C;Train;Heavy;EnemyDir;10;S;S_S;S;For_S;S;S_S;S;C;Build;Barracks;EnemyDir;5;S;S_S;S;C;Idle;S;C;Harvest;7;S;C;Attack;LessHealthy;S;C;Train;Worker;Left;6
61000,S;For_S;S;S_S;S;If_B_then_S;B;CanAttack;S;S_S;S;S_S;S;S_S;S;C;Idle;S;For_S;S;C;Train;Heavy;Down;2;S;For_S;S;C;Train;Heavy;EnemyDir;10;S;S_S;S;For_S;S;S_S;S;C;Build;Barracks;EnemyDir;5;S;S_S;S;C;Idle;S;C;Harvest;7;S;C;Attack;LessHealthy;S;C;Train;Worker;Left;6
62000,S;For_S;S;S_S;S;If_B_then_S;B;CanAttack;S;S_S;S;S_S;S;S_S;S;C;Idle;S;For_S;S;C;Train;Heavy;Down;2;S;For_S;S;C;Train;Heavy;EnemyDir;10;S;S_S;S;For_S;S;S_S;S;C;Build;Barracks;EnemyDir;5;S;S_S;S;C;Idle;S;C;Harvest;7;S;C;Attack;LessHealthy;S;C;Train;Worker;Left;6
63000,S;For_S;S;S_S;S;If_B_then_S;B;CanAttack;S;S_S;S;S_S;S;S_S;S;C;Idle;S;For_S;S;C;Train;Heavy;Down;2;S;For_S;S;C;Train;Heavy;EnemyDir;10;S;S_S;S;For_S;S;S_S;S;C;Build;Barracks;EnemyDir;5;S;S_S;S;C;Idle;S;C;Harvest;7;S;C;Attack;LessHealthy;S;C;Train;Worker;Left;6
64000,S;For_S;S;S_S;S;If_B_then_S;B;CanAttack;S;S_S;S;S_S;S;S_S;S;C;Idle;S;For_S;S;C;Train;Heavy;Down;2;S;For_S;S;C;Train;Heavy;EnemyDir;10;S;S_S;S;For_S;S;S_S;S;C;Build;Barracks;EnemyDir;5;S;S_S;S;C;Idle;S;C;Harvest;7;S;C;Attack;LessHealthy;S;C;Train;Worker;Left;6
65000,S;For_S;S;S_S;S;If_B_then_S;B;CanAttack;S;S_S;S;S_S;S;S_S;S;C;Idle;S;For_S;S;C;Train;Heavy;Down;2;S;For_S;S;C;Train;Heavy;EnemyDir;10;S;S_S;S;For_S;S;S_S;S;C;Build;Barracks;EnemyDir;5;S;S_S;S;C;Idle;S;C;Harvest;7;S;C;Attack;LessHealthy;S;C;Train;Worker;Left;6
66000,S;For_S;S;S_S;S;If_B_then_S;B;CanAttack;S;S_S;S;S_S;S;S_S;S;C;Idle;S;For_S;S;C;Train;Heavy;Down;2;S;For_S;S;C;Train;Heavy;EnemyDir;10;S;S_S;S;For_S;S;S_S;S;C;Build;Barracks;EnemyDir;5;S;S_S;S;C;Idle;S;C;Harvest;7;S;C;Attack;LessHealthy;S;C;Train;Worker;Left;6
67000,S;For_S;S;S_S;S;If_B_then_S;B;CanAttack;S;S_S;S;S_S;S;S_S;S;C;Idle;S;For_S;S;C;Train;Heavy;Down;2;S;For_S;S;C;Train;Heavy;EnemyDir;10;S;S_S;S;For_S;S;S_S;S;C;Build;Barracks;EnemyDir;5;S;S_S;S;C;Idle;S;C;Harvest;7;S;C;Attack;LessHealthy;S;C;Train;Worker;Left;6
68000,S;For_S;S;S_S;S;If_B_then_S;B;CanAttack;S;S_S;S;S_S;S;S_S;S;C;Idle;S;For_S;S;C;Train;Heavy;Down;2;S;For_S;S;C;Train;Heavy;EnemyDir;10;S;S_S;S;For_S;S;S_S;S;C;Build;Barracks;EnemyDir;5;S;S_S;S;C;Idle;S;C;Harvest;7;S;C;Attack;LessHealthy;S;C;Train;Worker;Left;6
69000,S;For_S;S;S_S;S;If_B_then_S;B;CanAttack;S;S_S;S;S_S;S;S_S;S;C;Idle;S;For_S;S;C;Train;Heavy;Down;2;S;For_S;S;C;Train;Heavy;EnemyDir;10;S;S_S;S;For_S;S;S_S;S;C;Build;Barracks;EnemyDir;5;S;S_S;S;C;Idle;S;C;Harvest;7;S;C;Attack;LessHealthy;S;C;Train;Worker;Left;6
70000,S;For_S;S;S_S;S;If_B_then_S;B;CanAttack;S;S_S;S;S_S;S;S_S;S;C;Idle;S;For_S;S;C;Train;Heavy;Down;2;S;For_S;S;C;Train;Heavy;EnemyDir;10;S;S_S;S;For_S;S;S_S;S;C;Build;Barracks;EnemyDir;5;S;S_S;S;C;Idle;S;C;Harvest;7;S;C;Attack;LessHealthy;S;C;Train;Worker;Left;6
71000,S;For_S;S;S_S;S;If_B_then_S;B;CanAttack;S;S_S;S;S_S;S;S_S;S;C;Idle;S;For_S;S;C;Train;Heavy;Down;2;S;For_S;S;C;Train;Heavy;EnemyDir;10;S;S_S;S;For_S;S;S_S;S;C;Build;Barracks;EnemyDir;5;S;S_S;S;C;Idle;S;C;Harvest;7;S;C;Attack;LessHealthy;S;C;Train;Worker;Left;6
72000,S;For_S;S;S_S;S;If_B_then_S;B;CanAttack;S;S_S;S;S_S;S;S_S;S;C;Idle;S;For_S;S;C;Train;Heavy;Down;2;S;For_S;S;C;Train;Heavy;EnemyDir;10;S;S_S;S;For_S;S;S_S;S;C;Build;Barracks;EnemyDir;5;S;S_S;S;C;Idle;S;C;Harvest;7;S;C;Attack;LessHealthy;S;C;Train;Worker;Left;6
73000,S;For_S;S;S_S;S;If_B_then_S;B;CanAttack;S;S_S;S;S_S;S;S_S;S;C;Idle;S;For_S;S;C;Train;Heavy;Down;2;S;For_S;S;C;Train;Heavy;EnemyDir;10;S;S_S;S;For_S;S;S_S;S;C;Build;Barracks;EnemyDir;5;S;S_S;S;C;Idle;S;C;Harvest;7;S;C;Attack;LessHealthy;S;C;Train;Worker;Left;6
74000,S;For_S;S;S_S;S;If_B_then_S;B;CanAttack;S;S_S;S;S_S;S;S_S;S;C;Idle;S;For_S;S;C;Train;Heavy;Down;2;S;For_S;S;C;Train;Heavy;EnemyDir;10;S;S_S;S;For_S;S;S_S;S;C;Build;Barracks;EnemyDir;5;S;S_S;S;C;Idle;S;C;Harvest;7;S;C;Attack;LessHealthy;S;C;Train;Worker;Left;6
75000,S;For_S;S;S_S;S;If_B_then_S;B;CanAttack;S;S_S;S;S_S;S;S_S;S;C;Idle;S;For_S;S;C;Train;Heavy;Down;2;S;For_S;S;C;Train;Heavy;EnemyDir;10;S;S_S;S;For_S;S;S_S;S;C;Build;Barracks;EnemyDir;5;S;S_S;S;C;Idle;S;C;Harvest;7;S;C;Attack;LessHealthy;S;C;Train;Worker;Left;6
76000,S;For_S;S;S_S;S;If_B_then_S;B;CanAttack;S;S_S;S;S_S;S;S_S;S;C;Idle;S;For_S;S;C;Train;Heavy;Down;2;S;For_S;S;C;Train;Heavy;EnemyDir;10;S;S_S;S;For_S;S;S_S;S;C;Build;Barracks;EnemyDir;5;S;S_S;S;C;Idle;S;C;Harvest;7;S;C;Attack;LessHealthy;S;C;Train;Worker;Left;6
77000,S;For_S;S;S_S;S;If_B_then_S;B;CanAttack;S;S_S;S;S_S;S;S_S;S;C;Idle;S;For_S;S;C;Train;Heavy;Down;2;S;For_S;S;C;Train;Heavy;EnemyDir;10;S;S_S;S;For_S;S;S_S;S;C;Build;Barracks;EnemyDir;5;S;S_S;S;C;Idle;S;C;Harvest;7;S;C;Attack;LessHealthy;S;C;Train;Worker;Left;6
78000,S;For_S;S;S_S;S;If_B_then_S;B;CanAttack;S;S_S;S;S_S;S;S_S;S;C;Idle;S;For_S;S;C;Train;Heavy;Down;2;S;For_S;S;C;Train;Heavy;EnemyDir;10;S;S_S;S;For_S;S;S_S;S;C;Build;Barracks;EnemyDir;5;S;S_S;S;C;Idle;S;C;Harvest;7;S;C;Attack;LessHealthy;S;C;Train;Worker;Left;6
79000,S;For_S;S;S_S;S;If_B_then_S;B;CanAttack;S;S_S;S;S_S;S;S_S;S;C;Idle;S;For_S;S;C;Train;Heavy;Down;2;S;For_S;S;C;Train;Heavy;EnemyDir;10;S;S_S;S;For_S;S;S_S;S;C;Build;Barracks;EnemyDir;5;S;S_S;S;C;Idle;S;C;Harvest;7;S;C;Attack;LessHealthy;S;C;Train;Worker;Left;6
80000,S;For_S;S;S_S;S;If_B_then_S;B;CanAttack;S;S_S;S;S_S;S;S_S;S;C;Idle;S;For_S;S;C;Train;Heavy;Down;2;S;For_S;S;C;Train;Heavy;EnemyDir;10;S;S_S;S;For_S;S;S_S;S;C;Build;Barracks;EnemyDir;5;S;S_S;S;C;Idle;S;C;Harvest;7;S;C;Attack;LessHealthy;S;C;Train;Worker;Left;6
81000,S;For_S;S;S_S;S;If_B_then_S;B;CanAttack;S;S_S;S;S_S;S;S_S;S;C;Idle;S;For_S;S;C;Train;Heavy;Down;2;S;For_S;S;C;Train;Heavy;EnemyDir;10;S;S_S;S;For_S;S;S_S;S;C;Build;Barracks;EnemyDir;5;S;S_S;S;C;Idle;S;C;Harvest;7;S;C;Attack;LessHealthy;S;C;Train;Worker;Left;6
82000,S;For_S;S;S_S;S;If_B_then_S;B;CanAttack;S;S_S;S;S_S;S;S_S;S;C;Idle;S;For_S;S;C;Train;Heavy;Down;2;S;For_S;S;C;Train;Heavy;EnemyDir;10;S;S_S;S;For_S;S;S_S;S;C;Build;Barracks;EnemyDir;5;S;S_S;S;C;Idle;S;C;Harvest;7;S;C;Attack;LessHealthy;S;C;Train;Worker;Left;6
83000,S;For_S;S;S_S;S;If_B_then_S;B;CanAttack;S;S_S;S;S_S;S;S_S;S;C;Idle;S;For_S;S;C;Train;Heavy;Down;2;S;For_S;S;C;Train;Heavy;EnemyDir;10;S;S_S;S;For_S;S;S_S;S;C;Build;Barracks;EnemyDir;5;S;S_S;S;C;Idle;S;C;Harvest;7;S;C;Attack;LessHealthy;S;C;Train;Worker;Left;6
84000,S;For_S;S;S_S;S;If_B_then_S;B;CanAttack;S;S_S;S;S_S;S;S_S;S;C;Idle;S;For_S;S;C;Train;Heavy;Down;2;S;For_S;S;C;Train;Heavy;EnemyDir;10;S;S_S;S;For_S;S;S_S;S;C;Build;Barracks;EnemyDir;5;S;S_S;S;C;Idle;S;C;Harvest;7;S;C;Attack;LessHealthy;S;C;Train;Worker;Left;6
85000,S;For_S;S;S_S;S;If_B_then_S;B;CanAttack;S;S_S;S;S_S;S;S_S;S;C;Idle;S;For_S;S;C;Train;Heavy;Down;2;S;For_S;S;C;Train;Heavy;EnemyDir;10;S;S_S;S;For_S;S;S_S;S;C;Build;Barracks;EnemyDir;5;S;S_S;S;C;Idle;S;C;Harvest;7;S;C;Attack;LessHealthy;S;C;Train;Worker;Left;6
86000,S;For_S;S;S_S;S;If_B_then_S;B;CanAttack;S;S_S;S;S_S;S;S_S;S;C;Idle;S;For_S;S;C;Train;Heavy;Down;2;S;For_S;S;C;Train;Heavy;EnemyDir;10;S;S_S;S;For_S;S;S_S;S;C;Build;Barracks;EnemyDir;5;S;S_S;S;C;Idle;S;C;Harvest;7;S;C;Attack;LessHealthy;S;C;Train;Worker;Left;6
87000,S;For_S;S;S_S;S;If_B_then_S;B;CanAttack;S;S_S;S;S_S;S;S_S;S;C;Idle;S;For_S;S;C;Train;Heavy;Down;2;S;For_S;S;C;Train;Heavy;EnemyDir;10;S;S_S;S;For_S;S;S_S;S;C;Build;Barracks;EnemyDir;5;S;S_S;S;C;Idle;S;C;Harvest;7;S;C;Attack;LessHealthy;S;C;Train;Worker;Left;6
88000,S;For_S;S;S_S;S;If_B_then_S;B;CanAttack;S;S_S;S;S_S;S;S_S;S;C;Idle;S;For_S;S;C;Train;Heavy;Down;2;S;For_S;S;C;Train;Heavy;EnemyDir;10;S;S_S;S;For_S;S;S_S;S;C;Build;Barracks;EnemyDir;5;S;S_S;S;C;Idle;S;C;Harvest;7;S;C;Attack;LessHealthy;S;C;Train;Worker;Left;6
89000,S;For_S;S;S_S;S;If_B_then_S;B;CanAttack;S;S_S;S;S_S;S;S_S;S;C;Idle;S;For_S;S;C;Train;Heavy;Down;2;S;For_S;S;C;Train;Heavy;EnemyDir;10;S;S_S;S;For_S;S;S_S;S;C;Build;Barracks;EnemyDir;5;S;S_S;S;C;Idle;S;C;Harvest;7;S;C;Attack;LessHealthy;S;C;Train;Worker;Left;6
90000,S;For_S;S;S_S;S;If_B_then_S;B;CanAttack;S;S_S;S;S_S;S;S_S;S;C;Idle;S;For_S;S;C;Train;Heavy;Down;2;S;For_S;S;C;Train;Heavy;EnemyDir;10;S;S_S;S;For_S;S;S_S;S;C;Build;Barracks;EnemyDir;5;S;S_S;S;C;Idle;S;C;Harvest;7;S;C;Attack;LessHealthy;S;C;Train;Worker;Left;6
91000,S;For_S;S;S_S;S;If_B_then_S;B;CanAttack;S;S_S;S;S_S;S;S_S;S;C;Idle;S;For_S;S;C;Train;Heavy;Down;2;S;For_S;S;C;Train;Heavy;EnemyDir;10;S;S_S;S;For_S;S;S_S;S;C;Build;Barracks;EnemyDir;5;S;S_S;S;C;Idle;S;C;Harvest;7;S;C;Attack;LessHealthy;S;C;Train;Worker;Left;6
92000,S;For_S;S;S_S;S;If_B_then_S;B;CanAttack;S;S_S;S;S_S;S;S_S;S;C;Idle;S;For_S;S;C;Train;Heavy;Down;2;S;For_S;S;C;Train;Heavy;EnemyDir;10;S;S_S;S;For_S;S;S_S;S;C;Build;Barracks;EnemyDir;5;S;S_S;S;C;Idle;S;C;Harvest;7;S;C;Attack;LessHealthy;S;C;Train;Worker;Left;6
93000,S;For_S;S;S_S;S;If_B_then_S;B;CanAttack;S;S_S;S;S_S;S;S_S;S;C;Idle;S;For_S;S;C;Train;Heavy;Down;2;S;For_S;S;C;Train;Heavy;EnemyDir;10;S;S_S;S;For_S;S;S_S;S;C;Build;Barracks;EnemyDir;5;S;S_S;S;C;Idle;S;C;Harvest;7;S;C;Attack;LessHealthy;S;C;Train;Worker;Left;6
94000,S;For_S;S;S_S;S;If_B_then_S;B;CanAttack;S;S_S;S;S_S;S;S_S;S;C;Idle;S;For_S;S;C;Train;Heavy;Down;2;S;For_S;S;C;Train;Heavy;EnemyDir;10;S;S_S;S;For_S;S;S_S;S;C;Build;Barracks;EnemyDir;5;S;S_S;S;C;Idle;S;C;Harvest;7;S;C;Attack;LessHealthy;S;C;Train;Worker;Left;6
95000,S;For_S;S;S_S;S;If_B_then_S;B;CanAttack;S;S_S;S;S_S;S;S_S;S;C;Idle;S;For_S;S;C;Train;Heavy;Down;2;S;For_S;S;C;Train;Heavy;EnemyDir;10;S;S_S;S;For_S;S;S_S;S;C;Build;Barracks;EnemyDir;5;S;S_S;S;C;Idle;S;C;Harvest;7;S;C;Attack;LessHealthy;S;C;Train;Worker;Left;6
96000,S;For_S;S;S_S;S;If_B_then_S;B;CanAttack;S;S_S;S;S_S;S;S_S;S;C;Idle;S;For_S;S;C;Train;Heavy;Down;2;S;For_S;S;C;Train;Heavy;EnemyDir;10;S;S_S;S;For_S;S;S_S;S;C;Build;Barracks;EnemyDir;5;S;S_S;S;C;Idle;S;C;Harvest;7;S;C;Attack;LessHealthy;S;C;Train;Worker;Left;6
97000,S;For_S;S;S_S;S;If_B_then_S;B;CanAttack;S;S_S;S;S_S;S;S_S;S;C;Idle;S;For_S;S;C;Train;Heavy;Down;2;S;For_S;S;C;Train;Heavy;EnemyDir;10;S;S_S;S;For_S;S;S_S;S;C;Build;Barracks;EnemyDir;5;S;S_S;S;C;Idle;S;C;Harvest;7;S;C;Attack;LessHealthy;S;C;Train;Worker;Left;6
98000,S;For_S;S;S_S;S;If_B_then_S;B;CanAttack;S;S_S;S;S_S;S;S_S;S;C;Idle;S;For_S;S;C;Train;Heavy;Down;2;S;For_S;S;C;Train;Heavy;EnemyDir;10;S;S_S;S;For_S;S;S_S;S;C;Build;Barracks;EnemyDir;5;S;S_S;S;C;Idle;S;C;Harvest;7;S;C;Attack;LessHealthy;S;C;Train;Worker;Left;6
99000,S;For_S;S;S_S;S;If_B_then_S;B;CanAttack;S;S_S;S;S_S;S;S_S;S;C;Idle;S;For_S;S;C;Train;Heavy;Down;2;S;For_S;S;C;Train;Heavy;EnemyDir;10;S;S_S;S;For_S;S;S_S;S;C;Build;Barracks;EnemyDir;5;S;S_S;S;C;Idle;S;C;Harvest;7;S;C;Attack;LessHealthy;S;C;Train;Worker;Left;6
100000,S;For_S;S;S_S;S;If_B_then_S;B;CanAttack;S;S_S;S;S_S;S;S_S;S;C;Idle;S;For_S;S;C;Train;Heavy;Down;2;S;For_S;S;C;Train;Heavy;EnemyDir;10;S;S_S;S;For_S;S;S_S;S;C;Build;Barracks;EnemyDir;5;S;S_S;S;C;Idle;S;C;Harvest;7;S;C;Attack;LessHealthy;S;C;Train;Worker;Left;6
101000,S;For_S;S;S_S;S;If_B_then_S;B;CanAttack;S;S_S;S;S_S;S;S_S;S;C;Idle;S;For_S;S;C;Train;Heavy;Down;2;S;For_S;S;C;Train;Heavy;EnemyDir;10;S;S_S;S;For_S;S;S_S;S;C;Build;Barracks;EnemyDir;5;S;S_S;S;C;Idle;S;C;Harvest;7;S;C;Attack;LessHealthy;S;C;Train;Worker;Left;6
102000,S;For_S;S;S_S;S;If_B_then_S;B;CanAttack;S;S_S;S;S_S;S;S_S;S;C;Idle;S;For_S;S;C;Train;Heavy;Down;2;S;For_S;S;C;Train;Heavy;EnemyDir;10;S;S_S;S;For_S;S;S_S;S;C;Build;Barracks;EnemyDir;5;S;S_S;S;C;Idle;S;C;Harvest;7;S;C;Attack;LessHealthy;S;C;Train;Worker;Left;6
103000,S;For_S;S;S_S;S;If_B_then_S;B;CanAttack;S;S_S;S;S_S;S;S_S;S;C;Idle;S;For_S;S;C;Train;Heavy;Down;2;S;For_S;S;C;Train;Heavy;EnemyDir;10;S;S_S;S;For_S;S;S_S;S;C;Build;Barracks;EnemyDir;5;S;S_S;S;C;Idle;S;C;Harvest;7;S;C;Attack;LessHealthy;S;C;Train;Worker;Left;6
104000,S;For_S;S;S_S;S;If_B_then_S;B;CanAttack;S;S_S;S;S_S;S;S_S;S;C;Idle;S;For_S;S;C;Train;Heavy;Down;2;S;For_S;S;C;Train;Heavy;EnemyDir;10;S;S_S;S;For_S;S;S_S;S;C;Build;Barracks;EnemyDir;5;S;S_S;S;C;Idle;S;C;Harvest;7;S;C;Attack;LessHealthy;S;C;Train;Worker;Left;6
105000,S;For_S;S;S_S;S;If_B_then_S;B;CanAttack;S;S_S;S;S_S;S;S_S;S;C;Idle;S;For_S;S;C;Train;Heavy;Down;2;S;For_S;S;C;Train;Heavy;EnemyDir;10;S;S_S;S;For_S;S;S_S;S;C;Build;Barracks;EnemyDir;5;S;S_S;S;C;Idle;S;C;Harvest;7;S;C;Attack;LessHealthy;S;C;Train;Worker;Left;6
106000,S;For_S;S;S_S;S;If_B_then_S;B;CanAttack;S;S_S;S;S_S;S;S_S;S;C;Idle;S;For_S;S;C;Train;Heavy;Down;2;S;For_S;S;C;Train;Heavy;EnemyDir;10;S;S_S;S;For_S;S;S_S;S;C;Build;Barracks;EnemyDir;5;S;S_S;S;C;Idle;S;C;Harvest;7;S;C;Attack;LessHealthy;S;C;Train;Worker;Left;6
107000,S;For_S;S;S_S;S;If_B_then_S;B;CanAttack;S;S_S;S;S_S;S;S_S;S;C;Idle;S;For_S;S;C;Train;Heavy;Down;2;S;For_S;S;C;Train;Heavy;EnemyDir;10;S;S_S;S;For_S;S;S_S;S;C;Build;Barracks;EnemyDir;5;S;S_S;S;C;Idle;S;C;Harvest;7;S;C;Attack;LessHealthy;S;C;Train;Worker;Left;6
108000,S;For_S;S;S_S;S;If_B_then_S;B;CanAttack;S;S_S;S;S_S;S;S_S;S;C;Idle;S;For_S;S;C;Train;Heavy;Down;2;S;For_S;S;C;Train;Heavy;EnemyDir;10;S;S_S;S;For_S;S;S_S;S;C;Build;Barracks;EnemyDir;5;S;S_S;S;C;Idle;S;C;Harvest;7;S;C;Attack;LessHealthy;S;C;Train;Worker;Left;6
109000,S;For_S;S;S_S;S;If_B_then_S;B;CanAttack;S;S_S;S;S_S;S;S_S;S;C;Idle;S;For_S;S;C;Train;Heavy;Down;2;S;For_S;S;C;Train;Heavy;EnemyDir;10;S;S_S;S;For_S;S;S_S;S;C;Build;Barracks;EnemyDir;5;S;S_S;S;C;Idle;S;C;Harvest;7;S;C;Attack;LessHealthy;S;C;Train;Worker;Left;6
110000,S;For_S;S;S_S;S;If_B_then_S;B;CanAttack;S;S_S;S;S_S;S;S_S;S;C;Idle;S;For_S;S;C;Train;Heavy;Down;2;S;For_S;S;C;Train;Heavy;EnemyDir;10;S;S_S;S;For_S;S;S_S;S;C;Build;Barracks;EnemyDir;5;S;S_S;S;C;Idle;S;C;Harvest;7;S;C;Attack;LessHealthy;S;C;Train;Worker;Left;6
111000,S;For_S;S;S_S;S;If_B_then_S;B;CanAttack;S;S_S;S;S_S;S;S_S;S;C;Idle;S;For_S;S;C;Train;Heavy;Down;2;S;For_S;S;C;Train;Heavy;EnemyDir;10;S;S_S;S;For_S;S;S_S;S;C;Build;Barracks;EnemyDir;5;S;S_S;S;C;Idle;S;C;Harvest;7;S;C;Attack;LessHealthy;S;C;Train;Worker;Left;6
112000,S;For_S;S;S_S;S;If_B_then_S;B;CanAttack;S;S_S;S;S_S;S;S_S;S;C;Idle;S;For_S;S;C;Train;Heavy;Down;2;S;For_S;S;C;Train;Heavy;EnemyDir;10;S;S_S;S;For_S;S;S_S;S;C;Build;Barracks;EnemyDir;5;S;S_S;S;C;Idle;S;C;Harvest;7;S;C;Attack;LessHealthy;S;C;Train;Worker;Left;6
113000,S;For_S;S;S_S;S;If_B_then_S;B;CanAttack;S;S_S;S;S_S;S;S_S;S;C;Idle;S;For_S;S;C;Train;Heavy;Down;2;S;For_S;S;C;Train;Heavy;EnemyDir;10;S;S_S;S;For_S;S;S_S;S;C;Build;Barracks;EnemyDir;5;S;S_S;S;C;Idle;S;C;Harvest;7;S;C;Attack;LessHealthy;S;C;Train;Worker;Left;6
114000,S;For_S;S;S_S;S;If_B_then_S;B;CanAttack;S;S_S;S;S_S;S;S_S;S;C;Idle;S;For_S;S;C;Train;Heavy;Down;2;S;For_S;S;C;Train;Heavy;EnemyDir;10;S;S_S;S;For_S;S;S_S;S;C;Build;Barracks;EnemyDir;5;S;S_S;S;C;Idle;S;C;Harvest;7;S;C;Attack;LessHealthy;S;C;Train;Worker;Left;6
115000,S;For_S;S;S_S;S;If_B_then_S;B;CanAttack;S;S_S;S;S_S;S;S_S;S;C;Idle;S;For_S;S;C;Train;Heavy;Down;2;S;For_S;S;C;Train;Heavy;EnemyDir;10;S;S_S;S;For_S;S;S_S;S;C;Build;Barracks;EnemyDir;5;S;S_S;S;C;Idle;S;C;Harvest;7;S;C;Attack;LessHealthy;S;C;Train;Worker;Left;6
116000,S;For_S;S;S_S;S;If_B_then_S;B;CanAttack;S;S_S;S;S_S;S;S_S;S;C;Idle;S;For_S;S;C;Train;Heavy;Down;2;S;For_S;S;C;Train;Heavy;EnemyDir;10;S;S_S;S;For_S;S;S_S;S;C;Build;Barracks;EnemyDir;5;S;S_S;S;C;Idle;S;C;Harvest;7;S;C;Attack;LessHealthy;S;C;Train;Worker;Left;6
117000,S;For_S;S;S_S;S;If_B_then_S;B;CanAttack;S;S_S;S;S_S;S;S_S;S;C;Idle;S;For_S;S;C;Train;Heavy;Down;2;S;For_S;S;C;Train;Heavy;EnemyDir;10;S;S_S;S;For_S;S;S_S;S;C;Build;Barracks;EnemyDir;5;S;S_S;S;C;Idle;S;C;Harvest;7;S;C;Attack;LessHealthy;S;C;Train;Worker;Left;6
118000,S;For_S;S;S_S;S;If_B_then_S;B;CanAttack;S;S_S;S;S_S;S;S_S;S;C;Idle;S;For_S;S;C;Train;Heavy;Down;2;S;For_S;S;C;Train;Heavy;EnemyDir;10;S;S_S;S;For_S;S;S_S;S;C;Build;Barracks;EnemyDir;5;S;S_S;S;C;Idle;S;C;Harvest;7;S;C;Attack;LessHealthy;S;C;Train;Worker;Left;6
119000,S;For_S;S;S_S;S;If_B_then_S;B;CanAttack;S;S_S;S;S_S;S;S_S;S;C;Idle;S;For_S;S;C;Train;Heavy;Down;2;S;For_S;S;C;Train;Heavy;EnemyDir;10;S;S_S;S;For_S;S;S_S;S;C;Build;Barracks;EnemyDir;5;S;S_S;S;C;Idle;S;C;Harvest;7;S;C;Attack;LessHealthy;S;C;Train;Worker;Left;6
120000,S;For_S;S;S_S;S;If_B_then_S;B;CanAttack;S;S_S;S;S_S;S;S_S;S;C;Idle;S;For_S;S;C;Train;Heavy;Down;2;S;For_S;S;C;Train;Heavy;EnemyDir;10;S;S_S;S;For_S;S;S_S;S;C;Build;Barracks;EnemyDir;5;S;S_S;S;C;Idle;S;C;Harvest;7;S;C;Attack;LessHealthy;S;C;Train;Worker;Left;6
121000,S;For_S;S;S_S;S;If_B_then_S;B;CanAttack;S;S_S;S;S_S;S;S_S;S;C;Idle;S;For_S;S;C;Train;Heavy;Down;2;S;For_S;S;C;Train;Heavy;EnemyDir;10;S;S_S;S;For_S;S;S_S;S;C;Build;Barracks;EnemyDir;5;S;S_S;S;C;Idle;S;C;Harvest;7;S;C;Attack;LessHealthy;S;C;Train;Worker;Left;6
122000,S;For_S;S;S_S;S;If_B_then_S;B;CanAttack;S;S_S;S;S_S;S;S_S;S;C;Idle;S;For_S;S;C;Train;Heavy;Down;2;S;For_S;S;C;Train;Heavy;EnemyDir;10;S;S_S;S;For_S;S;S_S;S;C;Build;Barracks;EnemyDir;5;S;S_S;S;C;Idle;S;C;Harvest;7;S;C;Attack;LessHealthy;S;C;Train;Worker;Left;6
123000,S;For_S;S;S_S;S;If_B_then_S;B;CanAttack;S;S_S;S;S_S;S;S_S;S;C;Idle;S;For_S;S;C;Train;Heavy;Down;2;S;For_S;S;C;Train;Heavy;EnemyDir;10;S;S_S;S;For_S;S;S_S;S;C;Build;Barracks;EnemyDir;5;S;S_S;S;C;Idle;S;C;Harvest;7;S;C;Attack;LessHealthy;S;C;Train;Worker;Left;6
124000,S;For_S;S;S_S;S;If_B_then_S;B;CanAttack;S;S_S;S;S_S;S;S_S;S;C;Idle;S;For_S;S;C;Train;Heavy;Down;2;S;For_S;S;C;Train;Heavy;EnemyDir;10;S;S_S;S;For_S;S;S_S;S;C;Build;Barracks;EnemyDir;5;S;S_S;S;C;Idle;S;C;Harvest;7;S;C;Attack;LessHealthy;S;C;Train;Worker;Left;6
125000,S;For_S;S;S_S;S;If_B_then_S;B;CanAttack;S;S_S;S;S_S;S;S_S;S;C;Idle;S;For_S;S;C;Train;Heavy;Down;2;S;For_S;S;C;Train;Heavy;EnemyDir;10;S;S_S;S;For_S;S;S_S;S;C;Build;Barracks;EnemyDir;5;S;S_S;S;C;Idle;S;C;Harvest;7;S;C;Attack;LessHealthy;S;C;Train;Worker;Left;6
126000,S;For_S;S;S_S;S;If_B_then_S;B;CanAttack;S;S_S;S;S_S;S;S_S;S;C;Idle;S;For_S;S;C;Train;Heavy;Down;2;S;For_S;S;C;Train;Heavy;EnemyDir;10;S;S_S;S;For_S;S;S_S;S;C;Build;Barracks;EnemyDir;5;S;S_S;S;C;Idle;S;C;Harvest;7;S;C;Attack;LessHealthy;S;C;Train;Worker;Left;6
127000,S;For_S;S;S_S;S;If_B_then_S;B;CanAttack;S;S_S;S;S_S;S;S_S;S;C;Idle;S;For_S;S;C;Train;Heavy;Down;2;S;For_S;S;C;Train;Heavy;EnemyDir;10;S;S_S;S;For_S;S;S_S;S;C;Build;Barracks;EnemyDir;5;S;S_S;S;C;Idle;S;C;Harvest;7;S;C;Attack;LessHealthy;S;C;Train;Worker;Left;6
128000,S;For_S;S;S_S;S;If_B_then_S;B;CanAttack;S;S_S;S;S_S;S;S_S;S;C;Idle;S;For_S;S;C;Train;Heavy;Down;2;S;For_S;S;C;Train;Heavy;EnemyDir;10;S;S_S;S;For_S;S;S_S;S;C;Build;Barracks;EnemyDir;5;S;S_S;S;C;Idle;S;C;Harvest;7;S;C;Attack;LessHealthy;S;C;Train;Worker;Left;6
129000,S;For_S;S;S_S;S;If_B_then_S;B;CanAttack;S;S_S;S;S_S;S;S_S;S;C;Idle;S;For_S;S;C;Train;Heavy;Down;2;S;For_S;S;C;Train;Heavy;EnemyDir;10;S;S_S;S;For_S;S;S_S;S;C;Build;Barracks;EnemyDir;5;S;S_S;S;C;Idle;S;C;Harvest;7;S;C;Attack;LessHealthy;S;C;Train;Worker;Left;6
130000,S;For_S;S;S_S;S;If_B_then_S;B;CanAttack;S;S_S;S;S_S;S;S_S;S;C;Idle;S;For_S;S;C;Train;Heavy;Down;2;S;For_S;S;C;Train;Heavy;EnemyDir;10;S;S_S;S;For_S;S;S_S;S;C;Build;Barracks;EnemyDir;5;S;S_S;S;C;Idle;S;C;Harvest;7;S;C;Attack;LessHealthy;S;C;Train;Worker;Left;6
131000,S;For_S;S;S_S;S;If_B_then_S;B;CanAttack;S;S_S;S;S_S;S;S_S;S;C;Idle;S;For_S;S;C;Train;Heavy;Down;2;S;For_S;S;C;Train;Heavy;EnemyDir;10;S;S_S;S;For_S;S;S_S;S;C;Build;Barracks;EnemyDir;5;S;S_S;S;C;Idle;S;C;Harvest;7;S;C;Attack;LessHealthy;S;C;Train;Worker;Left;6
132000,S;For_S;S;S_S;S;If_B_then_S;B;CanAttack;S;S_S;S;S_S;S;S_S;S;C;Idle;S;For_S;S;C;Train;Heavy;Down;2;S;For_S;S;C;Train;Heavy;EnemyDir;10;S;S_S;S;For_S;S;S_S;S;C;Build;Barracks;EnemyDir;5;S;S_S;S;C;Idle;S;C;Harvest;7;S;C;Attack;LessHealthy;S;C;Train;Worker;Left;6
133000,S;For_S;S;S_S;S;If_B_then_S;B;CanAttack;S;S_S;S;S_S;S;S_S;S;C;Idle;S;For_S;S;C;Train;Heavy;Down;2;S;For_S;S;C;Train;Heavy;EnemyDir;10;S;S_S;S;For_S;S;S_S;S;C;Build;Barracks;EnemyDir;5;S;S_S;S;C;Idle;S;C;Harvest;7;S;C;Attack;LessHealthy;S;C;Train;Worker;Left;6
134000,S;For_S;S;S_S;S;If_B_then_S;B;CanAttack;S;S_S;S;S_S;S;S_S;S;C;Idle;S;For_S;S;C;Train;Heavy;Down;2;S;For_S;S;C;Train;Heavy;EnemyDir;10;S;S_S;S;For_S;S;S_S;S;C;Build;Barracks;EnemyDir;5;S;S_S;S;C;Idle;S;C;Harvest;7;S;C;Attack;LessHealthy;S;C;Train;Worker;Left;6
135000,S;For_S;S;S_S;S;If_B_then_S;B;CanAttack;S;S_S;S;S_S;S;S_S;S;C;Idle;S;For_S;S;C;Train;Heavy;Down;2;S;For_S;S;C;Train;Heavy;EnemyDir;10;S;S_S;S;For_S;S;S_S;S;C;Build;Barracks;EnemyDir;5;S;S_S;S;C;Idle;S;C;Harvest;7;S;C;Attack;LessHealthy;S;C;Train;Worker;Left;6
136000,S;For_S;S;S_S;S;If_B_then_S;B;CanAttack;S;S_S;S;S_S;S;S_S;S;C;Idle;S;For_S;S;C;Train;Heavy;Down;2;S;For_S;S;C;Train;Heavy;EnemyDir;10;S;S_S;S;For_S;S;S_S;S;C;Build;Barracks;EnemyDir;5;S;S_S;S;C;Idle;S;C;Harvest;7;S;C;Attack;LessHealthy;S;C;Train;Worker;Left;6
137000,S;For_S;S;S_S;S;If_B_then_S;B;CanAttack;S;S_S;S;S_S;S;S_S;S;C;Idle;S;For_S;S;C;Train;Heavy;Down;2;S;For_S;S;C;Train;Heavy;EnemyDir;10;S;S_S;S;For_S;S;S_S;S;C;Build;Barracks;EnemyDir;5;S;S_S;S;C;Idle;S;C;Harvest;7;S;C;Attack;LessHealthy;S;C;Train;Worker;Left;6
138000,S;For_S;S;S_S;S;If_B_then_S;B;CanAttack;S;S_S;S;S_S;S;S_S;S;C;Idle;S;For_S;S;C;Train;Heavy;Down;2;S;For_S;S;C;Train;Heavy;EnemyDir;10;S;S_S;S;For_S;S;S_S;S;C;Build;Barracks;EnemyDir;5;S;S_S;S;C;Idle;S;C;Harvest;7;S;C;Attack;LessHealthy;S;C;Train;Worker;Left;6
139000,S;For_S;S;S_S;S;If_B_then_S;B;CanAttack;S;S_S;S;S_S;S;S_S;S;C;Idle;S;For_S;S;C;Train;Heavy;Down;2;S;For_S;S;C;Train;Heavy;EnemyDir;10;S;S_S;S;For_S;S;S_S;S;C;Build;Barracks;EnemyDir;5;S;S_S;S;C;Idle;S;C;Harvest;7;S;C;Attack;LessHealthy;S;C;Train;Worker;Left;6
140000,S;For_S;S;S_S;S;If_B_then_S;B;CanAttack;S;S_S;S;S_S;S;S_S;S;C;Idle;S;For_S;S;C;Train;Heavy;Down;2;S;For_S;S;C;Train;Heavy;EnemyDir;10;S;S_S;S;For_S;S;S_S;S;C;Build;Barracks;EnemyDir;5;S;S_S;S;C;Idle;S;C;Harvest;7;S;C;Attack;LessHealthy;S;C;Train;Worker;Left;6
141000,S;For_S;S;S_S;S;If_B_then_S;B;CanAttack;S;S_S;S;S_S;S;S_S;S;C;Idle;S;For_S;S;C;Train;Heavy;Down;2;S;For_S;S;C;Train;Heavy;EnemyDir;10;S;S_S;S;For_S;S;S_S;S;C;Build;Barracks;EnemyDir;5;S;S_S;S;C;Idle;S;C;Harvest;7;S;C;Attack;LessHealthy;S;C;Train;Worker;Left;6
142000,S;For_S;S;S_S;S;If_B_then_S;B;CanAttack;S;S_S;S;S_S;S;S_S;S;C;Idle;S;For_S;S;C;Train;Heavy;Down;2;S;For_S;S;C;Train;Heavy;EnemyDir;10;S;S_S;S;For_S;S;S_S;S;C;Build;Barracks;EnemyDir;5;S;S_S;S;C;Idle;S;C;Harvest;7;S;C;Attack;LessHealthy;S;C;Train;Worker;Left;6
143000,S;For_S;S;S_S;S;If_B_then_S;B;CanAttack;S;S_S;S;S_S;S;S_S;S;C;Idle;S;For_S;S;C;Train;Heavy;Down;2;S;For_S;S;C;Train;Heavy;EnemyDir;10;S;S_S;S;For_S;S;S_S;S;C;Build;Barracks;EnemyDir;5;S;S_S;S;C;Idle;S;C;Harvest;7;S;C;Attack;LessHealthy;S;C;Train;Worker;Left;6
144000,S;For_S;S;S_S;S;If_B_then_S;B;CanAttack;S;S_S;S;S_S;S;S_S;S;C;Idle;S;For_S;S;C;Train;Heavy;Down;2;S;For_S;S;C;Train;Heavy;EnemyDir;10;S;S_S;S;For_S;S;S_S;S;C;Build;Barracks;EnemyDir;5;S;S_S;S;C;Idle;S;C;Harvest;7;S;C;Attack;LessHealthy;S;C;Train;Worker;Left;6
145000,S;For_S;S;S_S;S;If_B_then_S;B;CanAttack;S;S_S;S;S_S;S;S_S;S;C;Idle;S;For_S;S;C;Train;Heavy;Down;2;S;For_S;S;C;Train;Heavy;EnemyDir;10;S;S_S;S;For_S;S;S_S;S;C;Build;Barracks;EnemyDir;5;S;S_S;S;C;Idle;S;C;Harvest;7;S;C;Attack;LessHealthy;S;C;Train;Worker;Left;6
146000,S;For_S;S;S_S;S;If_B_then_S;B;CanAttack;S;S_S;S;S_S;S;S_S;S;C;Idle;S;For_S;S;C;Train;Heavy;Down;2;S;For_S;S;C;Train;Heavy;EnemyDir;10;S;S_S;S;For_S;S;S_S;S;C;Build;Barracks;EnemyDir;5;S;S_S;S;C;Idle;S;C;Harvest;7;S;C;Attack;LessHealthy;S;C;Train;Worker;Left;6
147000,S;For_S;S;S_S;S;If_B_then_S;B;CanAttack;S;S_S;S;S_S;S;S_S;S;C;Idle;S;For_S;S;C;Train;Heavy;Down;2;S;For_S;S;C;Train;Heavy;EnemyDir;10;S;S_S;S;For_S;S;S_S;S;C;Build;Barracks;EnemyDir;5;S;S_S;S;C;Idle;S;C;Harvest;7;S;C;Attack;LessHealthy;S;C;Train;Worker;Left;6
148000,S;For_S;S;S_S;S;If_B_then_S;B;CanAttack;S;S_S;S;S_S;S;S_S;S;C;Idle;S;For_S;S;C;Train;Heavy;Down;2;S;For_S;S;C;Train;Heavy;EnemyDir;10;S;S_S;S;For_S;S;S_S;S;C;Build;Barracks;EnemyDir;5;S;S_S;S;C;Idle;S;C;Harvest;7;S;C;Attack;LessHealthy;S;C;Train;Worker;Left;6
149000,S;For_S;S;S_S;S;If_B_then_S;B;CanAttack;S;S_S;S;S_S;S;S_S;S;C;Idle;S;For_S;S;C;Train;Heavy;Down;2;S;For_S;S;C;Train;Heavy;EnemyDir;10;S;S_S;S;For_S;S;S_S;S;C;Build;Barracks;EnemyDir;5;S;S_S;S;C;Idle;S;C;Harvest;7;S;C;Attack;LessHealthy;S;C;Train;Worker;Left;6
150000,S;For_S;S;S_S;S;If_B_then_S;B;CanAttack;S;S_S;S;S_S;S;S_S;S;C;Idle;S;For_S;S;C;Train;Heavy;Down;2;S;For_S;S;C;Train;Heavy;EnemyDir;10;S;S_S;S;For_S;S;S_S;S;C;Build;Barracks;EnemyDir;5;S;S_S;S;C;Idle;S;C;Harvest;7;S;C;Attack;LessHealthy;S;C;Train;Worker;Left;6
151000,S;For_S;S;S_S;S;If_B_then_S;B;CanAttack;S;S_S;S;S_S;S;S_S;S;C;Idle;S;For_S;S;C;Train;Heavy;Down;2;S;For_S;S;C;Train;Heavy;EnemyDir;10;S;S_S;S;For_S;S;S_S;S;C;Build;Barracks;EnemyDir;5;S;S_S;S;C;Idle;S;C;Harvest;7;S;C;Attack;LessHealthy;S;C;Train;Worker;Left;6
152000,S;For_S;S;S_S;S;If_B_then_S;B;CanAttack;S;S_S;S;S_S;S;S_S;S;C;Idle;S;For_S;S;C;Train;Heavy;Down;2;S;For_S;S;C;Train;Heavy;EnemyDir;10;S;S_S;S;For_S;S;S_S;S;C;Build;Barracks;EnemyDir;5;S;S_S;S;C;Idle;S;C;Harvest;7;S;C;Attack;LessHealthy;S;C;Train;Worker;Left;6
153000,S;For_S;S;S_S;S;If_B_then_S;B;CanAttack;S;S_S;S;S_S;S;S_S;S;C;Idle;S;For_S;S;C;Train;Heavy;Down;2;S;For_S;S;C;Train;Heavy;EnemyDir;10;S;S_S;S;For_S;S;S_S;S;C;Build;Barracks;EnemyDir;5;S;S_S;S;C;Idle;S;C;Harvest;7;S;C;Attack;LessHealthy;S;C;Train;Worker;Left;6
154000,S;For_S;S;S_S;S;If_B_then_S;B;CanAttack;S;S_S;S;S_S;S;S_S;S;C;Idle;S;For_S;S;C;Train;Heavy;Down;2;S;For_S;S;C;Train;Heavy;EnemyDir;10;S;S_S;S;For_S;S;S_S;S;C;Build;Barracks;EnemyDir;5;S;S_S;S;C;Idle;S;C;Harvest;7;S;C;Attack;LessHealthy;S;C;Train;Worker;Left;6
155000,S;For_S;S;S_S;S;If_B_then_S;B;CanAttack;S;S_S;S;S_S;S;S_S;S;C;Idle;S;For_S;S;C;Train;Heavy;Down;2;S;For_S;S;C;Train;Heavy;EnemyDir;10;S;S_S;S;For_S;S;S_S;S;C;Build;Barracks;EnemyDir;5;S;S_S;S;C;Idle;S;C;Harvest;7;S;C;Attack;LessHealthy;S;C;Train;Worker;Left;6
156000,S;For_S;S;S_S;S;If_B_then_S;B;CanAttack;S;S_S;S;S_S;S;S_S;S;C;Idle;S;For_S;S;C;Train;Heavy;Down;2;S;For_S;S;C;Train;Heavy;EnemyDir;10;S;S_S;S;For_S;S;S_S;S;C;Build;Barracks;EnemyDir;5;S;S_S;S;C;Idle;S;C;Harvest;7;S;C;Attack;LessHealthy;S;C;Train;Worker;Left;6
157000,S;For_S;S;S_S;S;If_B_then_S;B;CanAttack;S;S_S;S;S_S;S;S_S;S;C;Idle;S;For_S;S;C;Train;Heavy;Down;2;S;For_S;S;C;Train;Heavy;EnemyDir;10;S;S_S;S;For_S;S;S_S;S;C;Build;Barracks;EnemyDir;5;S;S_S;S;C;Idle;S;C;Harvest;7;S;C;Attack;LessHealthy;S;C;Train;Worker;Left;6
158000,S;For_S;S;S_S;S;If_B_then_S;B;CanAttack;S;S_S;S;S_S;S;S_S;S;C;Idle;S;For_S;S;C;Train;Heavy;Down;2;S;For_S;S;C;Train;Heavy;EnemyDir;10;S;S_S;S;For_S;S;S_S;S;C;Build;Barracks;EnemyDir;5;S;S_S;S;C;Idle;S;C;Harvest;7;S;C;Attack;LessHealthy;S;C;Train;Worker;Left;6
159000,S;For_S;S;S_S;S;If_B_then_S;B;CanAttack;S;S_S;S;S_S;S;S_S;S;C;Idle;S;For_S;S;C;Train;Heavy;Down;2;S;For_S;S;C;Train;Heavy;EnemyDir;10;S;S_S;S;For_S;S;S_S;S;C;Build;Barracks;EnemyDir;5;S;S_S;S;C;Idle;S;C;Harvest;7;S;C;Attack;LessHealthy;S;C;Train;Worker;Left;6
160000,S;For_S;S;S_S;S;If_B_then_S;B;CanAttack;S;S_S;S;S_S;S;S_S;S;C;Idle;S;For_S;S;C;Train;Heavy;Down;2;S;For_S;S;C;Train;Heavy;EnemyDir;10;S;S_S;S;For_S;S;S_S;S;C;Build;Barracks;EnemyDir;5;S;S_S;S;C;Idle;S;C;Harvest;7;S;C;Attack;LessHealthy;S;C;Train;Worker;Left;6
161000,S;For_S;S;S_S;S;If_B_then_S;B;CanAttack;S;S_S;S;S_S;S;S_S;S;C;Idle;S;For_S;S;C;Train;Heavy;Down;2;S;For_S;S;C;Train;Heavy;EnemyDir;10;S;S_S;S;For_S;S;S_S;S;C;Build;Barracks;EnemyDir;5;S;S_S;S;C;Idle;S;C;Harvest;7;S;C;Attack;LessHealthy;S;C;Train;Worker;Left;6
162000,S;For_S;S;S_S;S;If_B_then_S;B;CanAttack;S;S_S;S;S_S;S;S_S;S;C;Idle;S;For_S;S;C;Train;Heavy;Down;2;S;For_S;S;C;Train;Heavy;EnemyDir;10;S;S_S;S;For_S;S;S_S;S;C;Build;Barracks;EnemyDir;5;S;S_S;S;C;Idle;S;C;Harvest;7;S;C;Attack;LessHealthy;S;C;Train;Worker;Left;6
163000,S;For_S;S;S_S;S;If_B_then_S;B;CanAttack;S;S_S;S;S_S;S;S_S;S;C;Idle;S;For_S;S;C;Train;Heavy;Down;2;S;For_S;S;C;Train;Heavy;EnemyDir;10;S;S_S;S;For_S;S;S_S;S;C;Build;Barracks;EnemyDir;5;S;S_S;S;C;Idle;S;C;Harvest;7;S;C;Attack;LessHealthy;S;C;Train;Worker;Left;6
164000,S;For_S;S;S_S;S;If_B_then_S;B;CanAttack;S;S_S;S;S_S;S;S_S;S;C;Idle;S;For_S;S;C;Train;Heavy;Down;2;S;For_S;S;C;Train;Heavy;EnemyDir;10;S;S_S;S;For_S;S;S_S;S;C;Build;Barracks;EnemyDir;5;S;S_S;S;C;Idle;S;C;Harvest;7;S;C;Attack;LessHealthy;S;C;Train;Worker;Left;6
165000,S;For_S;S;S_S;S;If_B_then_S;B;CanAttack;S;S_S;S;S_S;S;S_S;S;C;Idle;S;For_S;S;C;Train;Heavy;Down;2;S;For_S;S;C;Train;Heavy;EnemyDir;10;S;S_S;S;For_S;S;S_S;S;C;Build;Barracks;EnemyDir;5;S;S_S;S;C;Idle;S;C;Harvest;7;S;C;Attack;LessHealthy;S;C;Train;Worker;Left;6
166000,S;For_S;S;S_S;S;If_B_then_S;B;CanAttack;S;S_S;S;S_S;S;S_S;S;C;Idle;S;For_S;S;C;Train;Heavy;Down;2;S;For_S;S;C;Train;Heavy;EnemyDir;10;S;S_S;S;For_S;S;S_S;S;C;Build;Barracks;EnemyDir;5;S;S_S;S;C;Idle;S;C;Harvest;7;S;C;Attack;LessHealthy;S;C;Train;Worker;Left;6
167000,S;For_S;S;S_S;S;If_B_then_S;B;CanAttack;S;S_S;S;S_S;S;S_S;S;C;Idle;S;For_S;S;C;Train;Heavy;Down;2;S;For_S;S;C;Train;Heavy;EnemyDir;10;S;S_S;S;For_S;S;S_S;S;C;Build;Barracks;EnemyDir;5;S;S_S;S;C;Idle;S;C;Harvest;7;S;C;Attack;LessHealthy;S;C;Train;Worker;Left;6
168000,S;For_S;S;S_S;S;If_B_then_S;B;CanAttack;S;S_S;S;S_S;S;S_S;S;C;Idle;S;For_S;S;C;Train;Heavy;Down;2;S;For_S;S;C;Train;Heavy;EnemyDir;10;S;S_S;S;For_S;S;S_S;S;C;Build;Barracks;EnemyDir;5;S;S_S;S;C;Idle;S;C;Harvest;7;S;C;Attack;LessHealthy;S;C;Train;Worker;Left;6
169000,S;For_S;S;S_S;S;If_B_then_S;B;CanAttack;S;S_S;S;S_S;S;S_S;S;C;Idle;S;For_S;S;C;Train;Heavy;Down;2;S;For_S;S;C;Train;Heavy;EnemyDir;10;S;S_S;S;For_S;S;S_S;S;C;Build;Barracks;EnemyDir;5;S;S_S;S;C;Idle;S;C;Harvest;7;S;C;Attack;LessHealthy;S;C;Train;Worker;Left;6
170000,S;For_S;S;S_S;S;If_B_then_S;B;CanAttack;S;S_S;S;S_S;S;S_S;S;C;Idle;S;For_S;S;C;Train;Heavy;Down;2;S;For_S;S;C;Train;Heavy;EnemyDir;10;S;S_S;S;For_S;S;S_S;S;C;Build;Barracks;EnemyDir;5;S;S_S;S;C;Idle;S;C;Harvest;7;S;C;Attack;LessHealthy;S;C;Train;Worker;Left;6
171000,S;For_S;S;S_S;S;If_B_then_S;B;CanAttack;S;S_S;S;S_S;S;S_S;S;C;Idle;S;For_S;S;C;Train;Heavy;Down;2;S;For_S;S;C;Train;Heavy;EnemyDir;10;S;S_S;S;For_S;S;S_S;S;C;Build;Barracks;EnemyDir;5;S;S_S;S;C;Idle;S;C;Harvest;7;S;C;Attack;LessHealthy;S;C;Train;Worker;Left;6
172000,S;For_S;S;S_S;S;If_B_then_S;B;CanAttack;S;S_S;S;S_S;S;S_S;S;C;Idle;S;For_S;S;C;Train;Heavy;Down;2;S;For_S;S;C;Train;Heavy;EnemyDir;10;S;S_S;S;For_S;S;S_S;S;C;Build;Barracks;EnemyDir;5;S;S_S;S;C;Idle;S;C;Harvest;7;S;C;Attack;LessHealthy;S;C;Train;Worker;Left;6
173000,S;For_S;S;S_S;S;If_B_then_S;B;CanAttack;S;S_S;S;S_S;S;S_S;S;C;Idle;S;For_S;S;C;Train;Heavy;Down;2;S;For_S;S;C;Train;Heavy;EnemyDir;10;S;S_S;S;For_S;S;S_S;S;C;Build;Barracks;EnemyDir;5;S;S_S;S;C;Idle;S;C;Harvest;7;S;C;Attack;LessHealthy;S;C;Train;Worker;Left;6
174000,S;For_S;S;S_S;S;If_B_then_S;B;CanAttack;S;S_S;S;S_S;S;S_S;S;C;Idle;S;For_S;S;C;Train;Heavy;Down;2;S;For_S;S;C;Train;Heavy;EnemyDir;10;S;S_S;S;For_S;S;S_S;S;C;Build;Barracks;EnemyDir;5;S;S_S;S;C;Idle;S;C;Harvest;7;S;C;Attack;LessHealthy;S;C;Train;Worker;Left;6
175000,S;For_S;S;S_S;S;If_B_then_S;B;CanAttack;S;S_S;S;S_S;S;S_S;S;C;Idle;S;For_S;S;C;Train;Heavy;Down;2;S;For_S;S;C;Train;Heavy;EnemyDir;10;S;S_S;S;For_S;S;S_S;S;C;Build;Barracks;EnemyDir;5;S;S_S;S;C;Idle;S;C;Harvest;7;S;C;Attack;LessHealthy;S;C;Train;Worker;Left;6
176000,S;For_S;S;S_S;S;If_B_then_S;B;CanAttack;S;S_S;S;S_S;S;S_S;S;C;Idle;S;For_S;S;C;Train;Heavy;Down;2;S;For_S;S;C;Train;Heavy;EnemyDir;10;S;S_S;S;For_S;S;S_S;S;C;Build;Barracks;EnemyDir;5;S;S_S;S;C;Idle;S;C;Harvest;7;S;C;Attack;LessHealthy;S;C;Train;Worker;Left;6
177000,S;For_S;S;S_S;S;If_B_then_S;B;CanAttack;S;S_S;S;S_S;S;S_S;S;C;Idle;S;For_S;S;C;Train;Heavy;Down;2;S;For_S;S;C;Train;Heavy;EnemyDir;10;S;S_S;S;For_S;S;S_S;S;C;Build;Barracks;EnemyDir;5;S;S_S;S;C;Idle;S;C;Harvest;7;S;C;Attack;LessHealthy;S;C;Train;Worker;Left;6
178000,S;For_S;S;S_S;S;If_B_then_S;B;CanAttack;S;S_S;S;S_S;S;S_S;S;C;Idle;S;For_S;S;C;Train;Heavy;Down;2;S;For_S;S;C;Train;Heavy;EnemyDir;10;S;S_S;S;For_S;S;S_S;S;C;Build;Barracks;EnemyDir;5;S;S_S;S;C;Idle;S;C;Harvest;7;S;C;Attack;LessHealthy;S;C;Train;Worker;Left;6
179000,S;For_S;S;S_S;S;If_B_then_S;B;CanAttack;S;S_S;S;S_S;S;S_S;S;C;Idle;S;For_S;S;C;Train;Heavy;Down;2;S;For_S;S;C;Train;Heavy;EnemyDir;10;S;S_S;S;For_S;S;S_S;S;C;Build;Barracks;EnemyDir;5;S;S_S;S;C;Idle;S;C;Harvest;7;S;C;Attack;LessHealthy;S;C;Train;Worker;Left;6
180000,S;For_S;S;S_S;S;If_B_then_S;B;CanAttack;S;S_S;S;S_S;S;S_S;S;C;Idle;S;For_S;S;C;Train;Heavy;Down;2;S;For_S;S;C;Train;Heavy;EnemyDir;10;S;S_S;S;For_S;S;S_S;S;C;Build;Barracks;EnemyDir;5;S;S_S;S;C;Idle;S;C;Harvest;7;S;C;Attack;LessHealthy;S;C;Train;Worker;Left;6
