3600,S;S_S;S;For_S;S;C;Train;Worker;Right;5;S;For_S;S;S_S;S;For_S;S;C;Idle;S;C;MoveToUnit;Enemy;Closest
3600,S;S_S;S;For_S;S;C;Train;Worker;Right;5;S;For_S;S;S_S;S;For_S;S;C;Idle;S;C;MoveToUnit;Enemy;Closest
10800,S;For_S;S;S_S;S;If_B_then_S_else_S;B;HasNumberOfWorkersHarvesting;50;S;C;MoveToUnit;Enemy;MostHealthy;S;S_S;S;For_S;S;C;Harvest;2;S;For_S;S;S_S;S;S_S;S;C;Idle;S;C;Build;Base;Down;8;S;If_B_then_S_else_S;B;IsBuilder;S;C;Attack;LessHealthy;S;Empty;S;C;Train;Worker;Right;5
14400,S;For_S;S;S_S;S;If_B_then_S_else_S;B;HasNumberOfWorkersHarvesting;50;S;C;MoveToUnit;Enemy;MostHealthy;S;S_S;S;For_S;S;C;Harvest;2;S;For_S;S;S_S;S;S_S;S;C;Idle;S;C;Build;Base;Down;8;S;If_B_then_S_else_S;B;IsBuilder;S;C;Attack;LessHealthy;S;Empty;S;C;Train;Worker;Right;5
18000,S;For_S;S;For_S;S;S_S;S;C;Train;Worker;Left;10;S;S_S;S;For_S;S;S_S;S;C;Idle;S;C;Harvest;8;S;C;Attack;Weakest
21600,S;For_S;S;For_S;S;S_S;S;C;Train;Worker;Left;10;S;S_S;S;For_S;S;S_S;S;C;Idle;S;C;Harvest;8;S;C;Attack;Weakest
25200,S;S_S;S;For_S;S;S_S;S;C;Idle;S;C;Build;Barracks;Right;8;S;S_S;S;For_S;S;C;Train;Worker;EnemyDir;2;S;S_S;S;For_S;S;S_S;S;S_S;S;C;MoveToUnit;Enemy;Weakest;S;S_S;S;C;MoveToUnit;Ally;Farthest;S;C;MoveAway;S;S_S;S;If_B_then_S;B;CanHarvest;S;For_S;S;C;MoveAway;S;S_S;S;For_S;S;S_S;S;For_S;S;C;Harvest;9;S;For_S;S;C;Train;Light;Up;9;S;S_S;S;C;MoveToUnit;Ally;Strongest;S;C;MoveToUnit;Ally;Weakest;S;If_B_then_S;B;HasNumberOfUnits;Worker;3;S;For_S;S;C;MoveToUnit;Ally;Closest
25200,S;S_S;S;For_S;S;S_S;S;C;Idle;S;C;Build;Barracks;Right;8;S;S_S;S;For_S;S;C;Train;Worker;EnemyDir;2;S;S_S;S;For_S;S;S_S;S;S_S;S;C;MoveToUnit;Enemy;Weakest;S;S_S;S;C;MoveToUnit;Ally;Farthest;S;C;MoveAway;S;S_S;S;If_B_then_S;B;CanHarvest;S;For_S;S;C;MoveAway;S;S_S;S;For_S;S;S_S;S;For_S;S;C;Harvest;9;S;For_S;S;C;Train;Light;Up;9;S;S_S;S;C;MoveToUnit;Ally;Strongest;S;C;MoveToUnit;Ally;Weakest;S;If_B_then_S;B;HasNumberOfUnits;Worker;3;S;For_S;S;C;MoveToUnit;Ally;Closest
32400,S;S_S;S;For_S;S;S_S;S;C;Idle;S;C;Build;Barracks;Right;8;S;S_S;S;For_S;S;C;Train;Worker;EnemyDir;2;S;S_S;S;For_S;S;S_S;S;S_S;S;C;MoveToUnit;Enemy;Weakest;S;S_S;S;C;MoveToUnit;Ally;Farthest;S;C;MoveAway;S;S_S;S;If_B_then_S;B;CanHarvest;S;For_S;S;C;MoveAway;S;S_S;S;For_S;S;S_S;S;For_S;S;C;Harvest;9;S;For_S;S;C;Train;Light;Up;9;S;S_S;S;C;MoveToUnit;Ally;Strongest;S;C;MoveToUnit;Ally;Weakest;S;If_B_then_S;B;HasNumberOfUnits;Worker;3;S;For_S;S;C;MoveToUnit;Ally;Closest
36000,S;S_S;S;For_S;S;S_S;S;C;Idle;S;C;Build;Barracks;Right;8;S;S_S;S;For_S;S;C;Train;Worker;EnemyDir;2;S;S_S;S;For_S;S;S_S;S;S_S;S;C;MoveToUnit;Enemy;Weakest;S;S_S;S;C;MoveToUnit;Ally;Farthest;S;C;MoveAway;S;S_S;S;If_B_then_S;B;CanHarvest;S;For_S;S;C;MoveAway;S;S_S;S;For_S;S;S_S;S;For_S;S;C;Harvest;9;S;For_S;S;C;Train;Light;Up;9;S;S_S;S;C;MoveToUnit;Ally;Strongest;S;C;MoveToUnit;Ally;Weakest;S;If_B_then_S;B;HasNumberOfUnits;Worker;3;S;For_S;S;C;MoveToUnit;Ally;Closest
36000,S;S_S;S;For_S;S;S_S;S;C;Idle;S;C;Build;Barracks;Right;8;S;S_S;S;For_S;S;C;Train;Worker;EnemyDir;2;S;S_S;S;For_S;S;S_S;S;S_S;S;C;MoveToUnit;Enemy;Weakest;S;S_S;S;C;MoveToUnit;Ally;Farthest;S;C;MoveAway;S;S_S;S;If_B_then_S;B;CanHarvest;S;For_S;S;C;MoveAway;S;S_S;S;For_S;S;S_S;S;For_S;S;C;Harvest;9;S;For_S;S;C;Train;Light;Up;9;S;S_S;S;C;MoveToUnit;Ally;Strongest;S;C;MoveToUnit;Ally;Weakest;S;If_B_then_S;B;HasNumberOfUnits;Worker;3;S;For_S;S;C;MoveToUnit;Ally;Closest
39600,S;S_S;S;For_S;S;S_S;S;C;Idle;S;C;Build;Barracks;Right;8;S;S_S;S;For_S;S;C;Train;Worker;EnemyDir;2;S;S_S;S;For_S;S;S_S;S;S_S;S;C;MoveToUnit;Enemy;Weakest;S;S_S;S;C;MoveToUnit;Ally;Farthest;S;C;MoveAway;S;S_S;S;If_B_then_S;B;CanHarvest;S;For_S;S;C;MoveAway;S;S_S;S;For_S;S;S_S;S;For_S;S;C;Harvest;9;S;For_S;S;C;Train;Light;Up;9;S;S_S;S;C;MoveToUnit;Ally;Strongest;S;C;MoveToUnit;Ally;Weakest;S;If_B_then_S;B;HasNumberOfUnits;Worker;3;S;For_S;S;C;MoveToUnit;Ally;Closest
43200,S;S_S;S;For_S;S;S_S;S;C;Idle;S;C;Build;Barracks;Right;8;S;S_S;S;For_S;S;C;Train;Worker;EnemyDir;2;S;S_S;S;For_S;S;S_S;S;S_S;S;C;MoveToUnit;Enemy;Weakest;S;S_S;S;C;MoveToUnit;Ally;Farthest;S;C;MoveAway;S;S_S;S;If_B_then_S;B;CanHarvest;S;For_S;S;C;MoveAway;S;S_S;S;For_S;S;S_S;S;For_S;S;C;Harvest;9;S;For_S;S;C;Train;Light;Up;9;S;S_S;S;C;MoveToUnit;Ally;Strongest;S;C;MoveToUnit;Ally;Weakest;S;If_B_then_S;B;HasNumberOfUnits;Worker;3;S;For_S;S;C;MoveToUnit;Ally;Closest
46800,S;S_S;S;For_S;S;S_S;S;C;Idle;S;C;Build;Barracks;Right;8;S;S_S;S;For_S;S;C;Train;Worker;EnemyDir;2;S;S_S;S;For_S;S;S_S;S;S_S;S;C;MoveToUnit;Enemy;Weakest;S;S_S;S;C;MoveToUnit;Ally;Farthest;S;C;MoveAway;S;S_S;S;If_B_then_S;B;CanHarvest;S;For_S;S;C;MoveAway;S;S_S;S;For_S;S;S_S;S;For_S;S;C;Harvest;9;S;For_S;S;C;Train;Light;Up;9;S;S_S;S;C;MoveToUnit;Ally;Strongest;S;C;MoveToUnit;Ally;Weakest;S;If_B_then_S;B;HasNumberOfUnits;Worker;3;S;For_S;S;C;MoveToUnit;Ally;Closest
50400,S;S_S;S;For_S;S;S_S;S;C;Idle;S;C;Build;Barracks;Right;8;S;S_S;S;For_S;S;C;Train;Worker;EnemyDir;2;S;S_S;S;For_S;S;S_S;S;S_S;S;C;MoveToUnit;Enemy;Weakest;S;S_S;S;C;MoveToUnit;Ally;Farthest;S;C;MoveAway;S;S_S;S;If_B_then_S;B;CanHarvest;S;For_S;S;C;MoveAway;S;S_S;S;For_S;S;S_S;S;For_S;S;C;Harvest;9;S;For_S;S;C;Train;Light;Up;9;S;S_S;S;C;MoveToUnit;Ally;Strongest;S;C;MoveToUnit;Ally;Weakest;S;If_B_then_S;B;HasNumberOfUnits;Worker;3;S;For_S;S;C;MoveToUnit;Ally;Closest
