S;For_S;S;S_S;S;S_S;S;S_S;S;For_S;S;C;Build;Barracks;Right;6;S;C;Attack;LessHealthy;S;For_S;S;C;Harvest;5;S;C;Train;Light;EnemyDir;20
S;For_S;S;S_S;S;S_S;S;S_S;S;C;Idle;S;S_S;S;S_S;S;If_B_then_S;B;OpponentHasUnitThatKillsUnitInOneAttack;S;S_S;S;S_S;S;For_S;S;C;Train;Heavy;Up;4;S;S_S;S;C;Build;Barracks;EnemyDir;1;S;C;Harvest;1;S;C;Attack;LessHealthy;S;C;Attack;MostHealthy;S;C;MoveToUnit;Enemy;Farthest;S;C;Train;Light;Up;2;S;C;Train;Heavy;Down;3
S;For_S;S;S_S;S;S_S;S;S_S;S;S_S;S;For_S;S;C;Train;Heavy;Left;1;S;S_S;S;S_S;S;C;Idle;S;C;Harvest;4;S;If_B_then_S_else_S;B;CanAttack;S;C;Build;Barracks;EnemyDir;50;S;Empty;S;C;Train;Worker;Left;100;S;If_B_then_S_else_S;B;OpponentHasNumberOfUnits;Base;1;S;C;Attack;MostHealthy;S;C;Attack;Farthest;S;C;Train;Light;Up;5
S;For_S;S;S_S;S;S_S;S;S_S;S;For_S;S;C;Idle;S;S_S;S;C;Build;Barracks;EnemyDir;1;S;For_S;S;C;Train;Worker;Left;5;S;C;Train;Heavy;Up;10;S;S_S;S;C;Harvest;9;S;S_S;S;If_B_then_S;B;OpponentHasUnitThatKillsUnitInOneAttack;S;C;Attack;Weakest;S;C;Attack;Closest
S;For_S;S;S_S;S;S_S;S;S_S;S;C;Train;Worker;Down;2;S;S_S;S;S_S;S;S_S;S;C;Build;Barracks;EnemyDir;1;S;C;Harvest;5;S;C;Idle;S;C;Train;Light;Right;20;S;For_S;S;If_B_then_S;B;OpponentHasUnitThatKillsUnitInOneAttack;S;C;Idle;S;C;MoveToUnit;Enemy;Weakest
S;For_S;S;S_S;S;S_S;S;If_B_then_S;B;OpponentHasNumberOfUnits;Worker;1;S;S_S;S;S_S;S;For_S;S;S_S;S;S_S;S;C;Idle;S;C;Harvest;4;S;C;MoveAway;S;S_S;S;C;Build;Barracks;EnemyDir;1;S;C;Train;Ranged;Down;2;S;C;Attack;Weakest;S;For_S;S;C;Train;Worker;Left;15;S;S_S;S;C;MoveToUnit;Ally;Weakest;S;C;Attack;Strongest
S;S_S;S;S_S;S;S_S;S;S_S;S;S_S;S;For_S;S;C;Train;Worker;Left;5;S;For_S;S;C;Train;Heavy;Right;10;S;For_S;S;C;Build;Barracks;Down;1;S;For_S;S;C;Harvest;10;S;For_S;S;C;MoveToUnit;Enemy;Closest;S;For_S;S;C;Attack;Closest
S;For_S;S;If_B_then_S_else_S;B;is_Type;Base;S;C;Train;Worker;EnemyDir;2;S;S_S;S;S_S;S;S_S;S;S_S;S;C;Train;Heavy;Right;2;S;S_S;S;S_S;S;If_B_then_S;B;OpponentHasUnitThatKillsUnitInOneAttack;S;C;Build;Barracks;Down;100;S;C;Idle;S;C;Harvest;10;S;S_S;S;C;MoveToUnit;Enemy;MostHealthy;S;C;Train;Light;Right;3;S;C;Attack;Weakest;S;C;MoveToUnit;Enemy;Closest
S;For_S;S;S_S;S;S_S;S;S_S;S;For_S;S;C;Train;Heavy;Down;5;S;S_S;S;S_S;S;C;Build;Barracks;EnemyDir;1;S;If_B_then_S;B;HasUnitInOpponentRange;S;C;Attack;Closest;S;S_S;S;C;Harvest;5;S;C;MoveToUnit;Enemy;Strongest;S;C;Attack;Strongest;S;C;Train;Worker;EnemyDir;5
S;For_S;S;S_S;S;S_S;S;S_S;S;S_S;S;S_S;S;S_S;S;C;Harvest;4;S;If_B_then_S_else_S;B;OpponentHasNumberOfUnits;Heavy;1;S;C;Attack;Closest;S;If_B_then_S;B;HasUnitWithinDistanceFromOpponent;5;S;S_S;S;C;MoveToUnit;Enemy;Closest;S;If_B_then_S;B;IsBuilder;S;C;MoveAway;S;S_S;S;For_S;S;S_S;S;C;Idle;S;C;Train;Worker;Left;8;S;If_B_then_S_else_S;B;OpponentHasNumberOfUnits;Ranged;3;S;C;MoveToUnit;Enemy;Weakest;S;Empty;S;C;Train;Ranged;Left;3;S;C;Train;Heavy;Up;2;S;For_S;S;C;Build;Barracks;Down;2;S;C;MoveToUnit;Enemy;Farthest
S;For_S;S;S_S;S;S_S;S;C;Build;Barracks;Up;9;S;C;Attack;Closest;S;For_S;S;S_S;S;C;Build;Barracks;EnemyDir;3;S;S_S;S;C;Train;Light;Up;100;S;S_S;S;C;Harvest;2;S;C;Train;Worker;Right;2
S;For_S;S;S_S;S;If_B_then_S_else_S;B;IsBuilder;S;C;Build;Barracks;EnemyDir;5;S;S_S;S;S_S;S;C;Attack;Closest;S;C;Train;Worker;Right;4;S;For_S;S;C;Train;Light;Up;15;S;S_S;S;C;Harvest;4;S;C;Attack;Strongest
S;For_S;S;S_S;S;S_S;S;S_S;S;S_S;S;If_B_then_S_else_S;B;OpponentHasUnitInPlayerRange;S;C;Idle;S;C;MoveToUnit;Enemy;Strongest;S;S_S;S;For_S;S;For_S;S;S_S;S;For_S;S;S_S;S;C;Harvest;5;S;C;Train;Light;Left;25;S;S_S;S;If_B_then_S_else_S;B;HasUnitWithinDistanceFromOpponent;0;S;C;MoveToUnit;Enemy;MostHealthy;S;C;Build;Barracks;EnemyDir;15;S;For_S;S;If_B_then_S;B;HasUnitWithinDistanceFromOpponent;0;S;C;MoveToUnit;Ally;Farthest;S;C;MoveToUnit;Enemy;LessHealthy;S;C;Harvest;10;S;C;Train;Worker;Right;20;S;C;Attack;Weakest
S;For_S;S;S_S;S;S_S;S;S_S;S;For_S;S;C;Harvest;5;S;S_S;S;C;Train;Light;Right;25;S;S_S;S;C;Train;Worker;Up;15;S;C;Build;Base;Up;4;S;S_S;S;S_S;S;S_S;S;If_B_then_S;B;OpponentHasUnitThatKillsUnitInOneAttack;S;S_S;S;C;Build;Barracks;Right;15;S;C;Attack;Weakest;S;C;Idle;S;If_B_then_S;B;HasUnitWithinDistanceFromOpponent;7;S;C;Attack;MostHealthy;S;If_B_then_S;B;HasNumberOfUnits;Barracks;2;S;S_S;S;C;MoveToUnit;Enemy;Closest;S;S_S;S;For_S;S;C;Idle;S;S_S;S;C;Attack;LessHealthy;S;For_S;S;S_S;S;C;MoveToUnit;Enemy;Weakest;S;C;MoveAway;S;S_S;S;C;MoveToUnit;Enemy;Closest;S;C;Attack;Weakest
S;For_S;S;S_S;S;S_S;S;S_S;S;S_S;S;S_S;S;S_S;S;C;Build;Barracks;Up;3;S;C;Train;Heavy;Right;10;S;C;Train;Light;Right;15;S;C;Train;Worker;Up;2;S;For_S;S;S_S;S;For_S;S;C;Harvest;1;S;C;Idle;S;S_S;S;C;Harvest;20;S;C;MoveToUnit;Enemy;MostHealthy;S;C;MoveToUnit;Enemy;LessHealthy
S;For_S;S;S_S;S;If_B_then_S_else_S;B;OpponentHasNumberOfUnits;Worker;2;S;For_S;S;S_S;S;S_S;S;C;Harvest;15;S;C;Attack;Closest;S;C;Train;Light;EnemyDir;4;S;For_S;S;S_S;S;S_S;S;S_S;S;C;MoveToUnit;Enemy;Closest;S;For_S;S;S_S;S;C;Idle;S;C;Build;Barracks;Left;3;S;C;Attack;Weakest;S;C;Train;Heavy;EnemyDir;3;S;C;Train;Heavy;Down;10
S;S_S;S;For_S;S;C;Idle;S;S_S;S;S_S;S;S_S;S;For_S;S;C;Harvest;4;S;For_S;S;If_B_then_S;B;CanAttack;S;C;Attack;LessHealthy;S;For_S;S;If_B_then_S;B;IsBuilder;S;S_S;S;C;MoveToUnit;Ally;Closest;S;For_S;S;C;Train;Worker;Down;3;S;For_S;S;C;Train;Worker;EnemyDir;10
S;For_S;S;S_S;S;If_B_then_S;B;HasNumberOfUnits;Barracks;2;S;C;Idle;S;S_S;S;S_S;S;S_S;S;S_S;S;S_S;S;S_S;S;C;Train;Worker;Down;5;S;C;Harvest;4;S;C;Build;Barracks;EnemyDir;5;S;C;Attack;LessHealthy;S;If_B_then_S;B;HasUnitInOpponentRange;S;For_S;S;C;Harvest;5;S;If_B_then_S_else_S;B;OpponentHasNumberOfUnits;Barracks;1;S;Empty;S;C;MoveToUnit;Enemy;Farthest;S;C;Train;Light;Down;50
S;For_S;S;If_B_then_S_else_S;B;is_Type;Base;S;S_S;S;S_S;S;S_S;S;For_S;S;C;Train;Light;Right;10;S;For_S;S;S_S;S;C;Build;Barracks;EnemyDir;3;S;C;Train;Worker;Up;25;S;C;MoveToUnit;Ally;Closest;S;C;MoveToUnit;Ally;LessHealthy;S;S_S;S;S_S;S;C;Idle;S;For_S;S;S_S;S;C;Idle;S;C;Harvest;3;S;S_S;S;For_S;S;C;MoveToUnit;Enemy;MostHealthy;S;C;Attack;Closest
S;For_S;S;S_S;S;S_S;S;If_B_then_S_else_S;B;HasUnitInOpponentRange;S;Empty;S;C;Train;Worker;Left;2;S;For_S;S;S_S;S;For_S;S;S_S;S;C;Harvest;3;S;S_S;S;For_S;S;C;Train;Light;Left;25;S;C;Train;Worker;EnemyDir;5;S;S_S;S;C;Build;Barracks;Up;2;S;C;Attack;Closest;S;C;MoveToUnit;Ally;Closest
S;For_S;S;S_S;S;S_S;S;S_S;S;S_S;S;S_S;S;C;Build;Barracks;EnemyDir;4;S;C;Harvest;2;S;C;Attack;Closest;S;C;Train;Heavy;Left;10;S;C;Train;Worker;Right;3;S;C;MoveToUnit;Enemy;Closest
S;For_S;S;S_S;S;For_S;S;C;Idle;S;For_S;S;S_S;S;S_S;S;S_S;S;S_S;S;C;Build;Barracks;EnemyDir;1;S;C;Harvest;2;S;C;Attack;Closest;S;C;Train;Worker;Right;5;S;C;Train;Heavy;Down;20
S;For_S;S;S_S;S;S_S;S;S_S;S;S_S;S;C;Idle;S;S_S;S;S_S;S;If_B_then_S;B;OpponentHasUnitThatKillsUnitInOneAttack;S;S_S;S;S_S;S;C;Harvest;5;S;C;Build;Barracks;Right;100;S;C;MoveToUnit;Enemy;LessHealthy;S;C;Attack;Weakest;S;C;Train;Light;Left;25;S;C;Train;Worker;Left;10;S;C;MoveToUnit;Ally;LessHealthy;S;C;MoveToUnit;Ally;Closest
S;For_S;S;S_S;S;C;Build;Barracks;EnemyDir;1;S;If_B_then_S_else_S;B;HasUnitInOpponentRange;S;S_S;S;S_S;S;For_S;S;C;Idle;S;C;MoveToUnit;Enemy;Farthest;S;C;Attack;Strongest;S;S_S;S;S_S;S;S_S;S;C;Train;Heavy;EnemyDir;10;S;C;Harvest;10;S;C;MoveToUnit;Ally;Closest;S;S_S;S;S_S;S;C;MoveToUnit;Enemy;Closest;S;C;Train;Worker;Up;2;S;C;Attack;Closest
S;For_S;S;S_S;S;S_S;S;S_S;S;S_S;S;C;Harvest;2;S;S_S;S;S_S;S;For_S;S;C;Train;Worker;Down;7;S;C;Build;Barracks;Right;7;S;If_B_then_S_else_S;B;CanHarvest;S;C;Idle;S;C;Idle;S;C;Harvest;3;S;For_S;S;C;Train;Light;Right;100;S;If_B_then_S_else_S;B;OpponentHasUnitThatKillsUnitInOneAttack;S;C;Attack;Weakest;S;C;Attack;LessHealthy
S;For_S;S;S_S;S;S_S;S;S_S;S;S_S;S;S_S;S;S_S;S;For_S;S;C;Idle;S;C;Build;Barracks;Up;10;S;S_S;S;For_S;S;C;Harvest;2;S;C;Train;Heavy;Left;20;S;C;MoveToUnit;Enemy;Closest;S;S_S;S;S_S;S;C;Train;Light;Left;1;S;C;Harvest;3;S;C;Attack;LessHealthy;S;C;MoveToUnit;Enemy;Farthest;S;C;Train;Worker;Left;3
S;S_S;S;S_S;S;For_S;S;S_S;S;S_S;S;S_S;S;S_S;S;For_S;S;C;Idle;S;S_S;S;S_S;S;S_S;S;S_S;S;C;Harvest;2;S;If_B_then_S_else_S;B;HasUnitInOpponentRange;S;C;Attack;Strongest;S;Empty;S;C;Train;Worker;Right;2;S;C;Build;Barracks;Up;1;S;C;Train;Heavy;Up;1;S;C;Train;Ranged;Right;1;S;C;MoveToUnit;Ally;LessHealthy;S;C;Attack;Weakest;S;For_S;S;S_S;S;S_S;S;S_S;S;C;Train;Worker;Down;3;S;C;Train;Ranged;EnemyDir;2;S;C;Train;Heavy;Right;2;S;C;MoveToUnit;Enemy;Closest;S;For_S;S;S_S;S;C;Train;Ranged;Down;3;S;C;MoveToUnit;Enemy;Closest
S;For_S;S;S_S;S;S_S;S;S_S;S;S_S;S;S_S;S;For_S;S;C;Train;Heavy;Left;4;S;C;Build;Barracks;Down;10;S;C;Harvest;15;S;C;Train;Heavy;Up;9;S;C;Idle;S;S_S;S;C;Train;Worker;Right;2;S;C;Attack;Closest
S;For_S;S;S_S;S;S_S;S;S_S;S;C;Harvest;2;S;C;Harvest;3;S;C;Train;Worker;EnemyDir;50;S;S_S;S;S_S;S;S_S;S;If_B_then_S_else_S;B;IsBuilder;S;Empty;S;For_S;S;C;Idle;S;S_S;S;For_S;S;C;Build;Barracks;EnemyDir;50;S;C;Attack;Weakest;S;C;Train;Light;Right;3;S;C;MoveToUnit;Ally;Farthest
S;S_S;S;For_S;S;If_B_then_S;B;IsBuilder;S;S_S;S;S_S;S;C;Harvest;10;S;For_S;S;S_S;S;For_S;S;S_S;S;C;Build;Base;Left;9;S;C;Idle;S;S_S;S;C;Harvest;3;S;S_S;S;C;Build;Barracks;Down;1;S;C;Train;Worker;EnemyDir;5;S;For_S;S;C;Attack;Strongest;S;For_S;S;If_B_then_S_else_S;B;CanAttack;S;Empty;S;C;Train;Heavy;Down;5
S;For_S;S;S_S;S;S_S;S;S_S;S;S_S;S;S_S;S;S_S;S;S_S;S;For_S;S;C;Harvest;1;S;For_S;S;C;Idle;S;C;Train;Heavy;EnemyDir;10;S;For_S;S;C;Build;Barracks;EnemyDir;5;S;C;Train;Worker;EnemyDir;3;S;C;Attack;Strongest;S;For_S;S;S_S;S;C;Harvest;50;S;If_B_then_S_else_S;B;HasUnitThatKillsInOneAttack;S;C;Attack;Closest;S;C;Train;Ranged;Left;4;S;C;MoveToUnit;Enemy;Closest
S;For_S;S;S_S;S;S_S;S;S_S;S;S_S;S;S_S;S;S_S;S;S_S;S;C;Idle;S;S_S;S;S_S;S;If_B_then_S;B;HasUnitWithinDistanceFromOpponent;7;S;C;Attack;Weakest;S;If_B_then_S_else_S;B;OpponentHasNumberOfUnits;Heavy;2;S;C;Train;Worker;EnemyDir;100;S;C;Build;Barracks;EnemyDir;1;S;C;Harvest;5;S;C;Train;Heavy;Right;3;S;C;Train;Light;Right;2;S;If_B_then_S_else_S;B;HasUnitInOpponentRange;S;Empty;S;If_B_then_S;B;is_Type;Ranged;S;For_S;S;C;MoveToUnit;Enemy;MostHealthy;S;C;Attack;Closest;S;If_B_then_S_else_S;B;OpponentHasNumberOfUnits;Light;1;S;C;MoveToUnit;Enemy;Strongest;S;C;MoveToUnit;Ally;Farthest;S;C;Train;Worker;Left;2
S;For_S;S;S_S;S;S_S;S;S_S;S;S_S;S;S_S;S;S_S;S;C;Build;Barracks;Right;10;S;For_S;S;C;Train;Worker;Down;2;S;For_S;S;S_S;S;C;Idle;S;For_S;S;C;Train;Light;Down;25;S;C;Harvest;10;S;C;MoveToUnit;Enemy;MostHealthy;S;C;Attack;Closest;S;C;MoveToUnit;Enemy;Farthest
S;For_S;S;S_S;S;S_S;S;C;Build;Barracks;Up;1;S;C;Idle;S;If_B_then_S_else_S;B;CanHarvest;S;S_S;S;For_S;S;C;Harvest;25;S;C;Attack;MostHealthy;S;S_S;S;S_S;S;C;Train;Heavy;Down;5;S;C;MoveToUnit;Enemy;Closest;S;C;Attack;Strongest
S;For_S;S;S_S;S;S_S;S;S_S;S;S_S;S;C;Train;Worker;Right;5;S;For_S;S;S_S;S;S_S;S;C;Idle;S;If_B_then_S;B;OpponentHasUnitInPlayerRange;S;For_S;S;C;Harvest;3;S;C;Harvest;2;S;C;Build;Barracks;Up;1;S;S_S;S;C;Train;Heavy;Up;5;S;C;MoveToUnit;Enemy;Closest;S;C;Attack;Weakest
S;S_S;S;For_S;S;S_S;S;For_S;S;C;Train;Heavy;Left;10;S;For_S;S;C;Idle;S;For_S;S;S_S;S;If_B_then_S_else_S;B;OpponentHasNumberOfUnits;Heavy;3;S;S_S;S;C;Train;Ranged;Right;3;S;C;Attack;Weakest;S;If_B_then_S;B;OpponentHasNumberOfUnits;Worker;5;S;C;Attack;Weakest;S;If_B_then_S_else_S;B;OpponentHasNumberOfUnits;Worker;5;S;S_S;S;For_S;S;C;Harvest;20;S;For_S;S;C;Attack;Closest;S;S_S;S;S_S;S;C;Train;Worker;Up;5;S;S_S;S;C;Harvest;3;S;C;Build;Barracks;Left;2;S;C;Attack;Weakest
S;For_S;S;S_S;S;S_S;S;S_S;S;S_S;S;S_S;S;S_S;S;S_S;S;C;Idle;S;C;Build;Barracks;Left;1;S;C;Train;Heavy;Right;4;S;S_S;S;S_S;S;S_S;S;C;Harvest;25;S;C;MoveToUnit;Enemy;LessHealthy;S;C;Train;Light;Up;25;S;C;MoveToUnit;Enemy;Closest;S;C;Attack;Weakest;S;C;MoveToUnit;Enemy;Closest;S;C;MoveToUnit;Enemy;Closest;S;C;Train;Worker;Down;2
S;For_S;S;S_S;S;S_S;S;S_S;S;S_S;S;S_S;S;S_S;S;S_S;S;C;Build;Barracks;Left;1;S;C;Attack;Weakest;S;C;Train;Heavy;Up;5;S;C;Train;Ranged;Up;5;S;If_B_then_S;B;OpponentHasUnitThatKillsUnitInOneAttack;S;For_S;S;S_S;S;S_S;S;C;Train;Light;Down;6;S;For_S;S;C;Harvest;2;S;C;Train;Worker;Right;7;S;If_B_then_S;B;HasNumberOfUnits;Heavy;5;S;For_S;S;C;MoveToUnit;Enemy;Closest;S;If_B_then_S;B;HasUnitWithinDistanceFromOpponent;3;S;For_S;S;C;Attack;Weakest;S;If_B_then_S;B;OpponentHasUnitThatKillsUnitInOneAttack;S;For_S;S;C;Idle
S;For_S;S;S_S;S;S_S;S;S_S;S;S_S;S;For_S;S;C;Train;Light;Up;50;S;S_S;S;C;Build;Barracks;Up;8;S;C;Harvest;9;S;C;MoveToUnit;Enemy;Closest;S;C;Idle;S;C;MoveAway
S;For_S;S;S_S;S;C;Train;Light;Down;10;S;If_B_then_S_else_S;B;IsBuilder;S;S_S;S;S_S;S;S_S;S;C;Build;Barracks;EnemyDir;2;S;C;Harvest;5;S;C;MoveToUnit;Ally;Weakest;S;For_S;S;S_S;S;S_S;S;For_S;S;C;Harvest;8;S;For_S;S;C;Train;Heavy;Up;20;S;C;Train;Worker;EnemyDir;5;S;S_S;S;S_S;S;S_S;S;C;Idle;S;C;Train;Worker;Right;3;S;C;Attack;Strongest;S;C;MoveToUnit;Enemy;Closest
S;For_S;S;S_S;S;S_S;S;S_S;S;S_S;S;S_S;S;S_S;S;S_S;S;S_S;S;S_S;S;S_S;S;If_B_then_S;B;is_Type;Worker;S;S_S;S;C;Build;Barracks;EnemyDir;1;S;C;Harvest;5;S;C;Train;Heavy;Up;10;S;C;Attack;Strongest;S;For_S;S;C;Idle;S;C;MoveToUnit;Enemy;Farthest;S;C;MoveToUnit;Enemy;Closest;S;C;Train;Worker;Down;20;S;C;MoveToUnit;Enemy;Strongest;S;C;MoveToUnit;Enemy;MostHealthy;S;C;MoveToUnit;Enemy;Farthest;S;C;MoveToUnit;Enemy;Closest
S;For_S;S;S_S;S;S_S;S;S_S;S;S_S;S;If_B_then_S_else_S;B;OpponentHasNumberOfUnits;Worker;8;S;Empty;S;C;Train;Worker;Up;6;S;For_S;S;C;Train;Heavy;Down;100;S;C;Build;Barracks;EnemyDir;3;S;C;Harvest;8;S;C;Attack;Closest
S;For_S;S;If_B_then_S;B;CanAttack;S;S_S;S;S_S;S;C;Build;Barracks;Down;1;S;If_B_then_S;B;OpponentHasUnitInPlayerRange;S;C;MoveToUnit;Enemy;Strongest;S;For_S;S;S_S;S;S_S;S;S_S;S;S_S;S;S_S;S;S_S;S;C;Idle;S;C;Train;Heavy;Random;10;S;C;Harvest;10;S;C;Train;Heavy;Random;15;S;C;MoveToUnit;Enemy;Closest;S;C;Attack;Weakest;S;C;MoveToUnit;Ally;Strongest
S;For_S;S;S_S;S;S_S;S;S_S;S;S_S;S;S_S;S;S_S;S;S_S;S;S_S;S;S_S;S;S_S;S;If_B_then_S;B;OpponentHasNumberOfUnits;Worker;1;S;C;Idle;S;If_B_then_S;B;OpponentHasNumberOfUnits;Heavy;5;S;S_S;S;C;MoveToUnit;Enemy;Closest;S;C;Attack;Strongest;S;If_B_then_S;B;OpponentHasNumberOfUnits;Light;8;S;C;MoveToUnit;Enemy;Farthest;S;S_S;S;If_B_then_S;B;OpponentHasNumberOfUnits;Light;8;S;C;MoveToUnit;Enemy;Random;S;C;Train;Heavy;EnemyDir;10;S;If_B_then_S;B;OpponentHasNumberOfUnits;Ranged;20;S;C;MoveToUnit;Ally;LessHealthy;S;C;Build;Barracks;EnemyDir;1;S;C;Train;Worker;Random;5;S;C;Harvest;8;S;C;Attack;Closest;S;C;Train;Light;Random;8;S;C;Train;Worker;Right;7
S;For_S;S;S_S;S;S_S;S;S_S;S;S_S;S;S_S;S;C;MoveToUnit;Enemy;Closest;S;For_S;S;C;Train;Heavy;Up;5;S;If_B_then_S;B;HasUnitWithinDistanceFromOpponent;4;S;S_S;S;C;MoveAway;S;C;Attack;Weakest;S;C;Harvest;10;S;C;Train;Heavy;EnemyDir;8;S;For_S;S;S_S;S;S_S;S;S_S;S;C;Build;Barracks;EnemyDir;1;S;C;Idle;S;C;Harvest;2;S;C;Train;Worker;EnemyDir;7
S;For_S;S;S_S;S;S_S;S;C;Attack;Weakest;S;C;Train;Ranged;Left;2;S;S_S;S;C;Train;Worker;Up;5;S;S_S;S;S_S;S;S_S;S;S_S;S;S_S;S;C;Train;Heavy;Right;2;S;C;Train;Light;Right;3;S;C;MoveToUnit;Ally;Closest;S;For_S;S;S_S;S;If_B_then_S;B;HasUnitInOpponentRange;S;C;Attack;Closest;S;If_B_then_S;B;OpponentHasUnitThatKillsUnitInOneAttack;S;C;Build;Barracks;Left;1;S;C;MoveToUnit;Ally;Farthest;S;For_S;S;S_S;S;If_B_then_S;B;HasUnitWithinDistanceFromOpponent;3;S;C;Attack;Closest;S;C;Harvest;2
S;For_S;S;S_S;S;S_S;S;C;Attack;Closest;S;S_S;S;S_S;S;For_S;S;C;Train;Heavy;Right;50;S;For_S;S;C;Build;Barracks;EnemyDir;10;S;C;Train;Worker;Up;4;S;For_S;S;C;Harvest;6
S;For_S;S;S_S;S;S_S;S;If_B_then_S_else_S;B;CanAttack;S;C;Harvest;7;S;If_B_then_S;B;OpponentHasNumberOfUnits;Heavy;1;S;C;Train;Heavy;Up;50;S;S_S;S;C;MoveToUnit;Enemy;Closest;S;S_S;S;C;Train;Heavy;Down;100;S;C;Attack;Weakest;S;For_S;S;If_B_then_S_else_S;B;HasUnitInOpponentRange;S;C;Idle;S;C;Build;Barracks;Right;1
S;For_S;S;S_S;S;S_S;S;S_S;S;S_S;S;S_S;S;S_S;S;C;MoveToUnit;Enemy;Weakest;S;S_S;S;S_S;S;C;Attack;Farthest;S;C;Train;Worker;Right;4;S;If_B_then_S;B;OpponentHasNumberOfUnits;Worker;1;S;S_S;S;For_S;S;C;Train;Heavy;Up;50;S;For_S;S;C;Idle;S;S_S;S;For_S;S;C;Train;Heavy;EnemyDir;5;S;C;MoveToUnit;Ally;Closest;S;C;Train;Ranged;Down;4;S;For_S;S;If_B_then_S;B;OpponentHasUnitThatKillsUnitInOneAttack;S;S_S;S;For_S;S;S_S;S;C;Build;Barracks;Right;9;S;C;Idle;S;For_S;S;C;Harvest;3;S;C;Train;Light;EnemyDir;9;S;C;MoveToUnit;Enemy;MostHealthy
S;For_S;S;S_S;S;S_S;S;S_S;S;S_S;S;For_S;S;C;Idle;S;S_S;S;S_S;S;S_S;S;C;Build;Barracks;Down;1;S;C;Train;Worker;EnemyDir;50;S;C;Harvest;5;S;If_B_then_S;B;OpponentHasNumberOfUnits;Light;5;S;For_S;S;C;Attack;Weakest;S;C;Train;Heavy;EnemyDir;2;S;C;Train;Ranged;Right;10;S;C;Attack;Closest
S;For_S;S;S_S;S;S_S;S;If_B_then_S_else_S;B;OpponentHasUnitThatKillsUnitInOneAttack;S;C;Attack;Weakest;S;Empty;S;If_B_then_S_else_S;B;HasNumberOfUnits;Worker;6;S;Empty;S;If_B_then_S;B;OpponentHasUnitInPlayerRange;S;C;MoveToUnit;Enemy;MostHealthy;S;For_S;S;S_S;S;C;Idle;S;S_S;S;C;Harvest;7;S;C;Train;Worker;EnemyDir;100
S;For_S;S;S_S;S;S_S;S;S_S;S;S_S;S;S_S;S;C;Train;Worker;Right;5;S;C;Build;Barracks;Right;1;S;S_S;S;C;Idle;S;C;Harvest;8;S;C;Attack;Strongest;S;C;Train;Heavy;Up;20;S;C;MoveToUnit;Ally;Random
S;For_S;S;S_S;S;C;Train;Ranged;Right;15;S;S_S;S;S_S;S;For_S;S;C;Harvest;2;S;C;Train;Worker;EnemyDir;25;S;S_S;S;C;Build;Barracks;Up;1;S;C;Attack;Closest
S;For_S;S;S_S;S;S_S;S;S_S;S;S_S;S;S_S;S;S_S;S;If_B_then_S;B;HasUnitWithinDistanceFromOpponent;4;S;C;Harvest;25;S;C;Build;Barracks;EnemyDir;1;S;For_S;S;C;Train;Worker;Left;7;S;C;Harvest;6;S;C;Attack;Closest;S;C;Train;Heavy;Up;10;S;S_S;S;C;MoveToUnit;Enemy;MostHealthy;S;For_S;S;C;Idle
S;For_S;S;S_S;S;S_S;S;S_S;S;S_S;S;S_S;S;S_S;S;S_S;S;If_B_then_S;B;HasUnitThatKillsInOneAttack;S;For_S;S;C;Idle;S;C;Build;Barracks;EnemyDir;1;S;C;Train;Worker;Right;7;S;C;Harvest;5;S;C;Train;Heavy;Down;5;S;C;Attack;Closest;S;C;Train;Heavy;Right;9;S;If_B_then_S;B;HasNumberOfUnits;Heavy;10;S;For_S;S;C;MoveToUnit;Enemy;Weakest
S;For_S;S;S_S;S;S_S;S;S_S;S;S_S;S;S_S;S;For_S;S;C;Idle;S;C;Build;Barracks;EnemyDir;1;S;If_B_then_S;B;CanHarvest;S;S_S;S;S_S;S;For_S;S;C;Train;Worker;EnemyDir;7;S;C;Harvest;4;S;C;MoveToUnit;Enemy;MostHealthy;S;C;Train;Heavy;Up;10;S;C;Attack;Weakest;S;C;Train;Worker;Up;3
S;For_S;S;S_S;S;S_S;S;S_S;S;S_S;S;S_S;S;C;Idle;S;For_S;S;C;Train;Worker;Up;9;S;C;Train;Heavy;EnemyDir;5;S;If_B_then_S;B;is_Type;Barracks;S;For_S;S;If_B_then_S;B;IsBuilder;S;S_S;S;S_S;S;C;Harvest;3;S;C;Attack;Weakest;S;C;MoveToUnit;Enemy;Closest;S;If_B_then_S;B;is_Type;Heavy;S;For_S;S;C;MoveToUnit;Enemy;Closest;S;C;Build;Barracks;Left;1
S;For_S;S;S_S;S;S_S;S;C;Build;Barracks;EnemyDir;100;S;S_S;S;C;Harvest;3;S;S_S;S;For_S;S;C;Train;Light;Up;100;S;C;Attack;LessHealthy;S;C;Train;Worker;Right;50
