1000,S;S_S;S;For_S;S;C;Idle;S;For_S;S;C;Attack;Closest
2000,S;S_S;S;For_S;S;C;Idle;S;For_S;S;C;Attack;Closest
3000,S;S_S;S;For_S;S;C;Idle;S;S_S;S;For_S;S;If_B_then_S;B;CanHarvest;S;S_S;S;C;Harvest;6;S;For_S;S;C;MoveToUnit;Enemy;Strongest;S;For_S;S;C;Train;Worker;Right;6
4000,S;S_S;S;For_S;S;C;Idle;S;S_S;S;For_S;S;If_B_then_S;B;CanHarvest;S;S_S;S;C;Harvest;6;S;For_S;S;C;MoveToUnit;Enemy;Strongest;S;For_S;S;C;Train;Worker;Right;6
5000,S;S_S;S;For_S;S;C;Idle;S;S_S;S;For_S;S;If_B_then_S;B;CanHarvest;S;S_S;S;C;Harvest;6;S;For_S;S;C;MoveToUnit;Enemy;Strongest;S;For_S;S;C;Train;Worker;Right;6
6000,S;S_S;S;S_S;S;S_S;S;For_S;S;C;Harvest;3;S;For_S;S;S_S;S;C;Train;Worker;Left;10;S;C;Attack;Strongest;S;For_S;S;For_S;S;C;Train;Worker;Down;50;S;For_S;S;C;MoveToUnit;Ally;LessHealthy
7000,S;S_S;S;S_S;S;S_S;S;For_S;S;C;Harvest;3;S;For_S;S;S_S;S;C;Train;Worker;Left;10;S;C;Attack;Strongest;S;For_S;S;For_S;S;C;Train;Worker;Down;50;S;For_S;S;C;MoveToUnit;Ally;LessHealthy
8000,S;S_S;S;S_S;S;S_S;S;For_S;S;C;Harvest;3;S;For_S;S;S_S;S;C;Train;Worker;Left;10;S;C;Attack;Strongest;S;For_S;S;For_S;S;C;Train;Worker;Down;50;S;For_S;S;C;MoveToUnit;Ally;LessHealthy
9000,S;S_S;S;S_S;S;S_S;S;For_S;S;C;Harvest;3;S;For_S;S;S_S;S;C;Train;Worker;Left;10;S;C;Attack;Strongest;S;For_S;S;For_S;S;C;Train;Worker;Down;50;S;For_S;S;C;MoveToUnit;Ally;LessHealthy
10000,S;S_S;S;S_S;S;S_S;S;For_S;S;C;Harvest;3;S;For_S;S;S_S;S;C;Train;Worker;Left;10;S;C;Attack;Strongest;S;For_S;S;For_S;S;C;Train;Worker;Down;50;S;For_S;S;C;MoveToUnit;Ally;LessHealthy
11000,S;S_S;S;S_S;S;S_S;S;For_S;S;C;Harvest;3;S;For_S;S;S_S;S;If_B_then_S;B;OpponentHasUnitThatKillsUnitInOneAttack;S;C;Idle;S;S_S;S;C;Build;Base;Right;50;S;C;Attack;MostHealthy;S;For_S;S;C;Train;Worker;Down;50;S;For_S;S;C;MoveToUnit;Ally;LessHealthy
12000,S;S_S;S;S_S;S;S_S;S;For_S;S;S_S;S;C;Idle;S;C;Harvest;3;S;For_S;S;S_S;S;C;Build;Base;Right;50;S;C;Attack;Weakest;S;For_S;S;C;Train;Worker;Down;50;S;For_S;S;C;MoveToUnit;Ally;LessHealthy
13000,S;S_S;S;S_S;S;S_S;S;For_S;S;S_S;S;C;Idle;S;C;Harvest;4;S;For_S;S;S_S;S;C;Build;Base;Left;50;S;C;Attack;Weakest;S;For_S;S;C;Train;Worker;Down;50;S;For_S;S;C;MoveToUnit;Ally;LessHealthy
14000,S;S_S;S;S_S;S;S_S;S;For_S;S;S_S;S;C;Idle;S;C;Harvest;4;S;For_S;S;S_S;S;C;Build;Base;Left;50;S;C;Attack;Weakest;S;For_S;S;C;Train;Worker;Down;50;S;For_S;S;C;MoveToUnit;Ally;LessHealthy
15000,S;S_S;S;S_S;S;S_S;S;For_S;S;S_S;S;C;Idle;S;C;Harvest;4;S;For_S;S;S_S;S;C;Build;Base;Left;50;S;C;Attack;Weakest;S;For_S;S;C;Train;Worker;Down;50;S;For_S;S;C;MoveToUnit;Ally;LessHealthy
16000,S;S_S;S;S_S;S;S_S;S;For_S;S;S_S;S;C;Idle;S;C;Harvest;4;S;For_S;S;S_S;S;C;Build;Base;Left;50;S;C;Attack;Weakest;S;For_S;S;C;Train;Worker;Down;50;S;For_S;S;C;MoveToUnit;Ally;LessHealthy
17000,S;S_S;S;S_S;S;S_S;S;For_S;S;S_S;S;C;Idle;S;C;Harvest;4;S;For_S;S;S_S;S;C;Build;Base;Left;50;S;C;Attack;Weakest;S;For_S;S;C;Train;Worker;Down;50;S;For_S;S;C;MoveToUnit;Ally;LessHealthy
18000,S;S_S;S;S_S;S;S_S;S;For_S;S;S_S;S;C;Idle;S;C;Harvest;4;S;For_S;S;S_S;S;C;Build;Base;Left;50;S;C;Attack;Weakest;S;For_S;S;C;Train;Worker;Down;50;S;For_S;S;C;MoveToUnit;Ally;LessHealthy
19000,S;S_S;S;S_S;S;S_S;S;For_S;S;S_S;S;C;Idle;S;C;Harvest;4;S;For_S;S;S_S;S;C;Build;Base;Left;50;S;C;Attack;Weakest;S;For_S;S;C;Train;Worker;Down;50;S;For_S;S;C;MoveToUnit;Ally;LessHealthy
20000,S;S_S;S;S_S;S;S_S;S;For_S;S;S_S;S;C;Idle;S;C;Harvest;4;S;For_S;S;S_S;S;C;Build;Base;Left;50;S;C;Attack;Weakest;S;For_S;S;C;Train;Worker;Down;50;S;For_S;S;C;MoveToUnit;Ally;LessHealthy
21000,S;S_S;S;S_S;S;S_S;S;For_S;S;S_S;S;C;Idle;S;C;Harvest;4;S;For_S;S;S_S;S;C;Build;Base;Left;50;S;C;Attack;Weakest;S;For_S;S;C;Train;Worker;Down;50;S;For_S;S;C;MoveToUnit;Ally;LessHealthy
22000,S;S_S;S;S_S;S;S_S;S;For_S;S;S_S;S;C;Idle;S;C;Harvest;4;S;For_S;S;S_S;S;C;Build;Base;Left;50;S;C;Attack;Weakest;S;For_S;S;C;Train;Worker;Down;50;S;For_S;S;C;MoveToUnit;Ally;LessHealthy
23000,S;S_S;S;S_S;S;S_S;S;For_S;S;S_S;S;C;Idle;S;C;Harvest;4;S;For_S;S;S_S;S;C;Build;Base;Left;50;S;C;Attack;Weakest;S;For_S;S;C;Train;Worker;Down;50;S;For_S;S;C;MoveToUnit;Ally;LessHealthy
24000,S;S_S;S;S_S;S;S_S;S;For_S;S;S_S;S;C;Idle;S;C;Harvest;4;S;For_S;S;S_S;S;C;Build;Base;Up;50;S;C;Attack;Weakest;S;For_S;S;C;Train;Worker;Down;50;S;For_S;S;C;MoveToUnit;Ally;LessHealthy
25000,S;S_S;S;S_S;S;S_S;S;For_S;S;S_S;S;C;Idle;S;C;Harvest;4;S;For_S;S;S_S;S;C;Build;Base;Up;50;S;C;Attack;Weakest;S;For_S;S;C;Train;Worker;Down;50;S;For_S;S;C;MoveToUnit;Ally;LessHealthy
26000,S;S_S;S;S_S;S;S_S;S;For_S;S;S_S;S;C;Idle;S;C;Harvest;4;S;For_S;S;S_S;S;C;Build;Base;Up;50;S;C;Attack;Weakest;S;For_S;S;C;Train;Worker;Down;50;S;For_S;S;C;MoveToUnit;Ally;LessHealthy
27000,S;S_S;S;S_S;S;S_S;S;For_S;S;S_S;S;C;Idle;S;C;Harvest;4;S;For_S;S;S_S;S;C;Build;Base;Up;50;S;C;Attack;Weakest;S;For_S;S;C;Train;Worker;Down;50;S;For_S;S;C;MoveToUnit;Ally;LessHealthy
28000,S;S_S;S;S_S;S;S_S;S;For_S;S;S_S;S;C;Idle;S;C;Harvest;4;S;For_S;S;S_S;S;C;Build;Base;Up;50;S;C;Attack;Weakest;S;For_S;S;C;Train;Worker;Down;50;S;For_S;S;C;MoveToUnit;Ally;LessHealthy
29000,S;S_S;S;S_S;S;S_S;S;For_S;S;S_S;S;C;Idle;S;C;Harvest;4;S;For_S;S;S_S;S;C;Harvest;6;S;S_S;S;C;Build;Base;Up;25;S;C;Attack;Weakest;S;For_S;S;C;Train;Worker;Down;50;S;For_S;S;C;MoveToUnit;Ally;LessHealthy
30000,S;S_S;S;S_S;S;S_S;S;For_S;S;S_S;S;C;Idle;S;C;Harvest;4;S;For_S;S;S_S;S;C;Harvest;6;S;S_S;S;C;Build;Base;Up;25;S;C;Attack;Weakest;S;For_S;S;C;Train;Worker;Down;50;S;For_S;S;C;MoveToUnit;Ally;LessHealthy
31000,S;S_S;S;S_S;S;S_S;S;For_S;S;S_S;S;C;Idle;S;C;Harvest;4;S;For_S;S;S_S;S;C;Harvest;6;S;S_S;S;C;Build;Base;Up;25;S;C;Attack;Weakest;S;For_S;S;C;Train;Worker;Down;50;S;For_S;S;C;MoveToUnit;Ally;LessHealthy
32000,S;S_S;S;S_S;S;S_S;S;For_S;S;S_S;S;C;Idle;S;C;Harvest;4;S;For_S;S;S_S;S;C;Harvest;6;S;S_S;S;C;Build;Base;Up;25;S;C;Attack;Weakest;S;For_S;S;C;Train;Worker;Down;50;S;For_S;S;C;MoveToUnit;Ally;LessHealthy
33000,S;S_S;S;S_S;S;S_S;S;For_S;S;S_S;S;C;Idle;S;C;Harvest;4;S;For_S;S;S_S;S;C;Harvest;6;S;S_S;S;C;Build;Base;Up;25;S;C;Attack;Weakest;S;For_S;S;C;Train;Worker;Down;50;S;For_S;S;C;MoveToUnit;Ally;LessHealthy
34000,S;S_S;S;S_S;S;S_S;S;For_S;S;S_S;S;C;Idle;S;C;Harvest;4;S;For_S;S;S_S;S;C;Harvest;6;S;S_S;S;C;Build;Base;Up;25;S;C;Attack;Weakest;S;For_S;S;C;Train;Worker;Down;50;S;For_S;S;C;MoveToUnit;Ally;LessHealthy
35000,S;S_S;S;S_S;S;S_S;S;For_S;S;S_S;S;C;Idle;S;C;Harvest;4;S;For_S;S;S_S;S;C;Harvest;6;S;S_S;S;C;Build;Base;Up;25;S;C;Attack;Weakest;S;For_S;S;C;Train;Worker;Down;50;S;For_S;S;C;MoveToUnit;Ally;LessHealthy
36000,S;S_S;S;S_S;S;S_S;S;For_S;S;S_S;S;C;Idle;S;C;Harvest;4;S;For_S;S;S_S;S;C;Harvest;6;S;S_S;S;C;Build;Base;Up;25;S;C;Attack;Weakest;S;For_S;S;C;Train;Worker;Down;50;S;For_S;S;C;MoveToUnit;Ally;LessHealthy
37000,S;S_S;S;S_S;S;S_S;S;For_S;S;S_S;S;C;Idle;S;C;Harvest;4;S;For_S;S;S_S;S;C;Harvest;6;S;S_S;S;C;Build;Base;Up;25;S;C;Attack;Weakest;S;For_S;S;C;Train;Worker;Down;50;S;For_S;S;C;MoveToUnit;Ally;LessHealthy
38000,S;S_S;S;S_S;S;S_S;S;For_S;S;S_S;S;C;Idle;S;C;Harvest;4;S;For_S;S;S_S;S;C;Harvest;6;S;S_S;S;C;Build;Base;Up;25;S;C;Attack;Weakest;S;For_S;S;C;Train;Worker;Down;50;S;For_S;S;C;MoveToUnit;Ally;LessHealthy
39000,S;S_S;S;S_S;S;S_S;S;For_S;S;S_S;S;C;Build;Base;Up;25;S;C;Harvest;4;S;For_S;S;C;Attack;Weakest;S;For_S;S;C;Train;Worker;Right;50;S;For_S;S;C;MoveToUnit;Ally;LessHealthy
40000,S;S_S;S;S_S;S;S_S;S;For_S;S;S_S;S;C;Build;Base;Up;25;S;C;Harvest;4;S;For_S;S;C;Attack;Weakest;S;For_S;S;C;Train;Worker;Right;50;S;For_S;S;C;MoveToUnit;Ally;LessHealthy
41000,S;S_S;S;S_S;S;S_S;S;For_S;S;S_S;S;C;Build;Base;Up;25;S;C;Harvest;4;S;For_S;S;C;Attack;Weakest;S;For_S;S;C;Train;Worker;Right;50;S;For_S;S;C;MoveToUnit;Ally;LessHealthy
42000,S;S_S;S;S_S;S;S_S;S;For_S;S;S_S;S;C;Build;Base;Up;25;S;C;Harvest;4;S;For_S;S;C;Attack;Weakest;S;For_S;S;C;Train;Worker;Right;50;S;For_S;S;C;MoveToUnit;Ally;LessHealthy
43000,S;S_S;S;S_S;S;S_S;S;For_S;S;S_S;S;C;Build;Base;Up;25;S;C;Harvest;4;S;For_S;S;C;Attack;Weakest;S;For_S;S;C;Train;Worker;Right;50;S;For_S;S;C;MoveToUnit;Ally;LessHealthy
44000,S;S_S;S;S_S;S;S_S;S;For_S;S;S_S;S;C;Build;Base;Up;25;S;C;Harvest;4;S;For_S;S;C;Attack;Weakest;S;For_S;S;C;Train;Worker;Right;50;S;For_S;S;C;MoveToUnit;Ally;LessHealthy
45000,S;S_S;S;S_S;S;S_S;S;For_S;S;S_S;S;C;Build;Base;Up;25;S;C;Harvest;4;S;For_S;S;C;Attack;Weakest;S;For_S;S;C;Train;Worker;Right;50;S;For_S;S;C;MoveToUnit;Ally;LessHealthy
46000,S;S_S;S;S_S;S;S_S;S;For_S;S;S_S;S;C;Build;Base;Up;25;S;C;Harvest;4;S;For_S;S;C;Attack;Weakest;S;For_S;S;C;Train;Worker;Right;50;S;For_S;S;C;MoveToUnit;Ally;LessHealthy
47000,S;S_S;S;S_S;S;S_S;S;For_S;S;S_S;S;C;Build;Base;Up;25;S;C;Harvest;4;S;For_S;S;C;Attack;Weakest;S;For_S;S;C;Train;Worker;Right;50;S;For_S;S;C;MoveToUnit;Ally;LessHealthy
48000,S;S_S;S;S_S;S;S_S;S;For_S;S;S_S;S;C;Build;Base;Up;25;S;C;Harvest;4;S;For_S;S;C;Attack;Weakest;S;For_S;S;C;Train;Worker;Right;50;S;For_S;S;C;MoveToUnit;Ally;LessHealthy
49000,S;S_S;S;S_S;S;S_S;S;For_S;S;S_S;S;C;Build;Base;Up;25;S;C;Harvest;4;S;For_S;S;C;Attack;Weakest;S;For_S;S;C;Train;Worker;Right;50;S;For_S;S;C;MoveToUnit;Ally;LessHealthy
50000,S;S_S;S;S_S;S;S_S;S;For_S;S;S_S;S;C;Build;Base;Up;25;S;C;Harvest;4;S;For_S;S;C;Attack;Weakest;S;For_S;S;C;Train;Worker;Right;50;S;For_S;S;C;MoveToUnit;Ally;LessHealthy
51000,S;S_S;S;S_S;S;S_S;S;For_S;S;S_S;S;C;Build;Base;Up;25;S;C;Harvest;4;S;For_S;S;C;Attack;Weakest;S;For_S;S;C;Train;Worker;Right;50;S;For_S;S;C;MoveToUnit;Ally;LessHealthy
52000,S;S_S;S;S_S;S;S_S;S;For_S;S;S_S;S;C;Build;Base;Up;25;S;C;Harvest;4;S;For_S;S;C;Attack;Weakest;S;For_S;S;C;Train;Worker;Right;50;S;For_S;S;C;MoveToUnit;Ally;LessHealthy
53000,S;S_S;S;S_S;S;S_S;S;For_S;S;S_S;S;C;Build;Base;Up;25;S;C;Harvest;4;S;For_S;S;C;Attack;Weakest;S;For_S;S;C;Train;Worker;Right;50;S;For_S;S;C;MoveToUnit;Ally;LessHealthy
54000,S;S_S;S;S_S;S;S_S;S;For_S;S;S_S;S;C;Build;Base;Up;25;S;C;Harvest;4;S;For_S;S;C;Attack;Weakest;S;For_S;S;C;Train;Worker;Right;50;S;For_S;S;C;MoveToUnit;Ally;LessHealthy
55000,S;S_S;S;S_S;S;S_S;S;For_S;S;S_S;S;C;Build;Base;Up;25;S;C;Harvest;4;S;For_S;S;C;Attack;Weakest;S;For_S;S;C;Train;Worker;Right;50;S;For_S;S;C;MoveToUnit;Ally;LessHealthy
56000,S;S_S;S;S_S;S;S_S;S;For_S;S;S_S;S;C;Build;Base;Up;25;S;C;Harvest;4;S;For_S;S;C;Attack;Weakest;S;For_S;S;C;Train;Worker;Right;50;S;For_S;S;C;MoveToUnit;Ally;LessHealthy
57000,S;S_S;S;S_S;S;S_S;S;For_S;S;S_S;S;C;Build;Base;Up;25;S;C;Harvest;4;S;For_S;S;C;Attack;Weakest;S;For_S;S;C;Train;Worker;Right;50;S;For_S;S;C;MoveToUnit;Ally;LessHealthy
58000,S;S_S;S;S_S;S;S_S;S;For_S;S;S_S;S;C;Build;Base;Up;25;S;C;Harvest;4;S;For_S;S;C;Attack;Weakest;S;For_S;S;C;Train;Worker;Right;50;S;For_S;S;C;MoveToUnit;Ally;LessHealthy
59000,S;S_S;S;S_S;S;S_S;S;For_S;S;S_S;S;C;Build;Base;Up;25;S;C;Harvest;4;S;For_S;S;C;Attack;Weakest;S;For_S;S;C;Train;Worker;Right;50;S;For_S;S;C;MoveToUnit;Ally;LessHealthy
60000,S;S_S;S;S_S;S;S_S;S;For_S;S;S_S;S;C;Build;Base;Up;25;S;C;Harvest;4;S;For_S;S;C;Attack;Weakest;S;For_S;S;C;Train;Worker;Right;50;S;For_S;S;C;MoveToUnit;Ally;LessHealthy
61000,S;S_S;S;S_S;S;S_S;S;For_S;S;S_S;S;C;Build;Base;Up;25;S;C;Harvest;4;S;For_S;S;C;Attack;Weakest;S;For_S;S;C;Train;Worker;Right;50;S;For_S;S;C;MoveToUnit;Ally;LessHealthy
62000,S;S_S;S;S_S;S;S_S;S;For_S;S;S_S;S;C;Build;Base;Up;25;S;C;Harvest;4;S;For_S;S;C;Attack;Weakest;S;For_S;S;C;Train;Worker;Right;50;S;For_S;S;C;MoveToUnit;Ally;LessHealthy
63000,S;S_S;S;S_S;S;S_S;S;For_S;S;S_S;S;C;Build;Base;Up;25;S;C;Harvest;4;S;For_S;S;C;Attack;Weakest;S;For_S;S;C;Train;Worker;Right;50;S;For_S;S;C;MoveToUnit;Ally;LessHealthy
64000,S;S_S;S;S_S;S;S_S;S;For_S;S;S_S;S;C;Build;Base;Up;25;S;C;Harvest;4;S;For_S;S;C;Attack;Weakest;S;For_S;S;C;Train;Worker;Right;50;S;For_S;S;C;MoveToUnit;Ally;LessHealthy
65000,S;S_S;S;S_S;S;S_S;S;For_S;S;S_S;S;C;Build;Base;Up;25;S;C;Harvest;4;S;For_S;S;C;Attack;Weakest;S;For_S;S;C;Train;Worker;Right;50;S;For_S;S;C;MoveToUnit;Ally;LessHealthy
66000,S;S_S;S;S_S;S;S_S;S;For_S;S;S_S;S;C;Build;Base;Up;25;S;C;Harvest;4;S;For_S;S;C;Attack;Weakest;S;For_S;S;C;Train;Worker;Right;50;S;For_S;S;C;MoveToUnit;Ally;LessHealthy
67000,S;S_S;S;S_S;S;S_S;S;For_S;S;S_S;S;C;Build;Base;Up;25;S;C;Harvest;4;S;For_S;S;C;Attack;Weakest;S;For_S;S;C;Train;Worker;Right;50;S;For_S;S;C;MoveToUnit;Ally;LessHealthy
68000,S;S_S;S;S_S;S;S_S;S;For_S;S;S_S;S;C;Build;Base;Up;25;S;C;Harvest;4;S;For_S;S;C;Attack;Weakest;S;For_S;S;C;Train;Worker;Right;50;S;For_S;S;C;MoveToUnit;Ally;LessHealthy
69000,S;S_S;S;S_S;S;S_S;S;For_S;S;S_S;S;C;Build;Base;Up;25;S;C;Harvest;4;S;For_S;S;C;Attack;Weakest;S;For_S;S;C;Train;Worker;Right;50;S;For_S;S;C;MoveToUnit;Ally;LessHealthy
70000,S;S_S;S;S_S;S;S_S;S;For_S;S;S_S;S;C;Build;Base;Up;25;S;C;Harvest;4;S;For_S;S;C;Attack;Weakest;S;For_S;S;C;Train;Worker;Right;50;S;For_S;S;C;MoveToUnit;Ally;LessHealthy
71000,S;S_S;S;S_S;S;S_S;S;For_S;S;S_S;S;C;Build;Base;Up;25;S;C;Harvest;4;S;For_S;S;C;Attack;Weakest;S;For_S;S;C;Train;Worker;Right;50;S;For_S;S;C;MoveToUnit;Ally;LessHealthy
72000,S;S_S;S;S_S;S;S_S;S;For_S;S;S_S;S;C;Build;Base;Up;25;S;C;Harvest;4;S;For_S;S;C;Attack;Weakest;S;For_S;S;C;Train;Worker;Right;50;S;For_S;S;C;MoveToUnit;Ally;LessHealthy
73000,S;S_S;S;S_S;S;S_S;S;For_S;S;S_S;S;C;Build;Base;Up;25;S;C;Harvest;4;S;For_S;S;C;Attack;Weakest;S;For_S;S;C;Train;Worker;Right;50;S;For_S;S;C;MoveToUnit;Ally;LessHealthy
74000,S;S_S;S;S_S;S;S_S;S;For_S;S;S_S;S;C;Build;Base;Up;25;S;C;Harvest;4;S;For_S;S;C;Attack;Weakest;S;For_S;S;C;Train;Worker;Right;50;S;For_S;S;C;MoveToUnit;Ally;LessHealthy
75000,S;S_S;S;S_S;S;S_S;S;For_S;S;S_S;S;C;Build;Base;Up;25;S;C;Harvest;4;S;For_S;S;C;Attack;Weakest;S;For_S;S;C;Train;Worker;Right;50;S;For_S;S;C;MoveToUnit;Ally;LessHealthy
76000,S;S_S;S;S_S;S;S_S;S;For_S;S;S_S;S;C;Build;Base;Up;25;S;C;Harvest;4;S;For_S;S;C;Attack;Weakest;S;For_S;S;C;Train;Worker;Right;50;S;For_S;S;C;MoveToUnit;Ally;LessHealthy
77000,S;S_S;S;S_S;S;S_S;S;For_S;S;S_S;S;C;Build;Base;Up;25;S;C;Harvest;4;S;For_S;S;C;Attack;Weakest;S;For_S;S;C;Train;Worker;Right;50;S;For_S;S;C;MoveToUnit;Ally;LessHealthy
78000,S;S_S;S;S_S;S;S_S;S;For_S;S;S_S;S;C;Build;Base;Up;25;S;C;Harvest;4;S;For_S;S;C;Attack;Weakest;S;For_S;S;C;Train;Worker;Right;50;S;For_S;S;C;MoveToUnit;Ally;LessHealthy
79000,S;S_S;S;S_S;S;S_S;S;For_S;S;S_S;S;C;Build;Base;Up;25;S;C;Harvest;4;S;For_S;S;C;Attack;Weakest;S;For_S;S;C;Train;Worker;Right;50;S;For_S;S;C;MoveToUnit;Ally;LessHealthy
80000,S;S_S;S;S_S;S;S_S;S;For_S;S;S_S;S;C;Build;Base;Up;25;S;C;Harvest;4;S;For_S;S;C;Attack;Weakest;S;For_S;S;C;Train;Worker;Right;50;S;For_S;S;C;MoveToUnit;Ally;LessHealthy
81000,S;S_S;S;S_S;S;S_S;S;For_S;S;S_S;S;C;Build;Base;Up;25;S;C;Harvest;4;S;For_S;S;C;Attack;Weakest;S;For_S;S;C;Train;Worker;Right;50;S;For_S;S;C;MoveToUnit;Ally;LessHealthy
82000,S;S_S;S;S_S;S;S_S;S;For_S;S;S_S;S;C;Build;Base;Up;25;S;C;Harvest;4;S;For_S;S;C;Attack;Weakest;S;For_S;S;C;Train;Worker;Right;50;S;For_S;S;C;MoveToUnit;Ally;LessHealthy
83000,S;S_S;S;S_S;S;S_S;S;For_S;S;S_S;S;C;Build;Base;Up;25;S;C;Harvest;4;S;For_S;S;C;Attack;Weakest;S;For_S;S;C;Train;Worker;Right;50;S;For_S;S;C;MoveToUnit;Ally;LessHealthy
84000,S;S_S;S;S_S;S;S_S;S;For_S;S;S_S;S;C;Build;Base;Up;25;S;C;Harvest;4;S;For_S;S;C;Attack;Weakest;S;For_S;S;C;Train;Worker;Right;50;S;For_S;S;C;MoveToUnit;Ally;LessHealthy
85000,S;S_S;S;S_S;S;S_S;S;For_S;S;S_S;S;C;Build;Base;Up;25;S;C;Harvest;4;S;For_S;S;C;Attack;Weakest;S;For_S;S;C;Train;Worker;Right;50;S;For_S;S;C;MoveToUnit;Ally;LessHealthy
86000,S;S_S;S;S_S;S;S_S;S;For_S;S;S_S;S;C;Build;Base;Up;25;S;C;Harvest;4;S;For_S;S;C;Attack;Weakest;S;For_S;S;C;Train;Worker;Right;50;S;For_S;S;C;MoveToUnit;Ally;LessHealthy
87000,S;S_S;S;S_S;S;S_S;S;For_S;S;S_S;S;C;Build;Base;Up;25;S;C;Harvest;4;S;For_S;S;C;Attack;Weakest;S;For_S;S;C;Train;Worker;Right;50;S;For_S;S;C;MoveToUnit;Ally;LessHealthy
88000,S;S_S;S;S_S;S;S_S;S;For_S;S;S_S;S;C;Build;Base;Up;25;S;C;Harvest;4;S;For_S;S;C;Attack;Weakest;S;For_S;S;C;Train;Worker;Right;50;S;For_S;S;C;MoveToUnit;Ally;LessHealthy
89000,S;S_S;S;S_S;S;S_S;S;For_S;S;S_S;S;C;Build;Base;Up;25;S;C;Harvest;4;S;For_S;S;C;Attack;Weakest;S;For_S;S;C;Train;Worker;Right;50;S;For_S;S;C;MoveToUnit;Ally;LessHealthy
90000,S;S_S;S;S_S;S;S_S;S;For_S;S;S_S;S;C;Build;Base;Up;25;S;C;Harvest;4;S;For_S;S;C;Attack;Weakest;S;For_S;S;C;Train;Worker;Right;50;S;For_S;S;C;MoveToUnit;Ally;LessHealthy
91000,S;S_S;S;S_S;S;S_S;S;For_S;S;S_S;S;C;Build;Base;Up;25;S;C;Harvest;4;S;For_S;S;C;Attack;Weakest;S;For_S;S;C;Train;Worker;Right;50;S;For_S;S;C;MoveToUnit;Ally;LessHealthy
92000,S;S_S;S;S_S;S;S_S;S;For_S;S;S_S;S;C;Build;Base;Up;25;S;C;Harvest;4;S;For_S;S;C;Attack;Weakest;S;For_S;S;C;Train;Worker;Right;50;S;For_S;S;C;MoveToUnit;Ally;LessHealthy
93000,S;S_S;S;S_S;S;S_S;S;For_S;S;S_S;S;C;Build;Base;Up;25;S;C;Harvest;4;S;For_S;S;C;Attack;Weakest;S;For_S;S;C;Train;Worker;Right;50;S;For_S;S;C;MoveToUnit;Ally;LessHealthy
94000,S;S_S;S;S_S;S;S_S;S;For_S;S;S_S;S;C;Build;Base;Up;25;S;C;Harvest;4;S;For_S;S;C;Attack;Weakest;S;For_S;S;C;Train;Worker;Right;50;S;For_S;S;C;MoveToUnit;Ally;LessHealthy
95000,S;S_S;S;S_S;S;S_S;S;For_S;S;S_S;S;C;Build;Base;Up;25;S;C;Harvest;4;S;For_S;S;C;Attack;Weakest;S;For_S;S;C;Train;Worker;Right;50;S;For_S;S;C;MoveToUnit;Ally;LessHealthy
96000,S;S_S;S;S_S;S;S_S;S;For_S;S;S_S;S;C;Build;Base;Up;25;S;C;Harvest;4;S;For_S;S;C;Attack;Weakest;S;For_S;S;C;Train;Worker;Right;50;S;For_S;S;C;MoveToUnit;Ally;LessHealthy
97000,S;S_S;S;S_S;S;S_S;S;For_S;S;S_S;S;C;Build;Base;Up;25;S;C;Harvest;4;S;For_S;S;C;Attack;Weakest;S;For_S;S;C;Train;Worker;Right;50;S;For_S;S;C;MoveToUnit;Ally;LessHealthy
98000,S;S_S;S;S_S;S;S_S;S;For_S;S;S_S;S;C;Build;Base;Up;25;S;C;Harvest;4;S;For_S;S;C;Attack;Weakest;S;For_S;S;C;Train;Worker;Right;50;S;For_S;S;C;MoveToUnit;Ally;LessHealthy
99000,S;S_S;S;S_S;S;S_S;S;For_S;S;S_S;S;C;Build;Base;Up;25;S;C;Harvest;4;S;For_S;S;C;Attack;Weakest;S;For_S;S;C;Train;Worker;Right;50;S;For_S;S;C;MoveToUnit;Ally;LessHealthy
100000,S;S_S;S;S_S;S;S_S;S;For_S;S;S_S;S;C;Build;Base;Up;25;S;C;Harvest;4;S;For_S;S;C;Attack;Weakest;S;For_S;S;C;Train;Worker;Right;50;S;For_S;S;C;MoveToUnit;Ally;LessHealthy
101000,S;S_S;S;S_S;S;S_S;S;For_S;S;S_S;S;C;Build;Base;Up;25;S;C;Harvest;4;S;For_S;S;C;Attack;Weakest;S;For_S;S;C;Train;Worker;Right;50;S;For_S;S;C;MoveToUnit;Ally;LessHealthy
102000,S;S_S;S;S_S;S;S_S;S;For_S;S;S_S;S;C;Build;Base;Up;25;S;C;Harvest;4;S;For_S;S;C;Attack;Weakest;S;For_S;S;C;Train;Worker;Right;50;S;For_S;S;C;MoveToUnit;Ally;LessHealthy
103000,S;S_S;S;S_S;S;S_S;S;For_S;S;S_S;S;C;Build;Base;Up;25;S;C;Harvest;4;S;For_S;S;C;Attack;Weakest;S;For_S;S;C;Train;Worker;Right;50;S;For_S;S;C;MoveToUnit;Ally;LessHealthy
104000,S;S_S;S;S_S;S;S_S;S;For_S;S;S_S;S;C;Build;Base;Up;25;S;C;Harvest;4;S;For_S;S;C;Attack;Weakest;S;For_S;S;C;Train;Worker;Right;50;S;For_S;S;C;MoveToUnit;Ally;LessHealthy
105000,S;S_S;S;S_S;S;S_S;S;For_S;S;S_S;S;C;Build;Base;Up;25;S;C;Harvest;4;S;For_S;S;C;Attack;Weakest;S;For_S;S;C;Train;Worker;Right;50;S;For_S;S;C;MoveToUnit;Ally;LessHealthy
106000,S;S_S;S;S_S;S;S_S;S;For_S;S;S_S;S;C;Build;Base;Up;25;S;C;Harvest;4;S;For_S;S;C;Attack;Weakest;S;For_S;S;C;Train;Worker;Right;50;S;For_S;S;C;MoveToUnit;Ally;LessHealthy
107000,S;S_S;S;S_S;S;S_S;S;For_S;S;S_S;S;C;Build;Base;Up;25;S;C;Harvest;4;S;For_S;S;C;Attack;Weakest;S;For_S;S;C;Train;Worker;Right;50;S;For_S;S;C;MoveToUnit;Ally;LessHealthy
108000,S;S_S;S;S_S;S;S_S;S;For_S;S;S_S;S;C;Build;Base;Up;25;S;C;Harvest;4;S;For_S;S;C;Attack;Weakest;S;For_S;S;C;Train;Worker;Right;50;S;For_S;S;C;MoveToUnit;Ally;LessHealthy
109000,S;S_S;S;S_S;S;S_S;S;For_S;S;S_S;S;C;Build;Base;Up;25;S;C;Harvest;4;S;For_S;S;C;Attack;Weakest;S;For_S;S;C;Train;Worker;Right;50;S;For_S;S;C;MoveToUnit;Ally;LessHealthy
110000,S;S_S;S;S_S;S;S_S;S;For_S;S;S_S;S;C;Build;Base;Up;25;S;C;Harvest;4;S;For_S;S;C;Attack;Weakest;S;For_S;S;C;Train;Worker;Right;50;S;For_S;S;C;MoveToUnit;Ally;LessHealthy
111000,S;S_S;S;S_S;S;S_S;S;For_S;S;S_S;S;C;Build;Base;Up;25;S;C;Harvest;4;S;For_S;S;C;Attack;Weakest;S;For_S;S;C;Train;Worker;Right;50;S;For_S;S;C;MoveToUnit;Ally;LessHealthy
112000,S;S_S;S;S_S;S;S_S;S;For_S;S;S_S;S;C;Build;Base;Up;25;S;C;Harvest;4;S;For_S;S;C;Attack;Weakest;S;For_S;S;C;Train;Worker;Right;50;S;For_S;S;C;MoveToUnit;Ally;LessHealthy
113000,S;S_S;S;S_S;S;S_S;S;For_S;S;S_S;S;C;Build;Base;Up;25;S;C;Harvest;4;S;For_S;S;C;Attack;Weakest;S;For_S;S;C;Train;Worker;Right;50;S;For_S;S;C;MoveToUnit;Ally;LessHealthy
114000,S;S_S;S;S_S;S;S_S;S;For_S;S;S_S;S;C;Build;Base;Up;25;S;C;Harvest;4;S;For_S;S;C;Attack;Weakest;S;For_S;S;C;Train;Worker;Right;50;S;For_S;S;C;MoveToUnit;Ally;LessHealthy
115000,S;S_S;S;S_S;S;S_S;S;For_S;S;S_S;S;C;Build;Base;Up;25;S;C;Harvest;4;S;For_S;S;C;Attack;Weakest;S;For_S;S;C;Train;Worker;Right;50;S;For_S;S;C;MoveToUnit;Ally;LessHealthy
116000,S;S_S;S;S_S;S;S_S;S;For_S;S;S_S;S;C;Build;Base;Up;25;S;C;Harvest;4;S;For_S;S;C;Attack;Weakest;S;For_S;S;C;Train;Worker;Right;50;S;For_S;S;C;MoveToUnit;Ally;LessHealthy
117000,S;S_S;S;S_S;S;S_S;S;For_S;S;S_S;S;C;Build;Base;Up;25;S;C;Harvest;4;S;For_S;S;C;Attack;Weakest;S;For_S;S;C;Train;Worker;Right;50;S;For_S;S;C;MoveToUnit;Ally;LessHealthy
118000,S;S_S;S;S_S;S;S_S;S;For_S;S;S_S;S;C;Build;Base;Up;25;S;C;Harvest;4;S;For_S;S;C;Attack;Weakest;S;For_S;S;C;Train;Worker;Right;50;S;For_S;S;C;MoveToUnit;Ally;LessHealthy
119000,S;S_S;S;S_S;S;S_S;S;For_S;S;S_S;S;C;Build;Base;Up;25;S;C;Harvest;4;S;For_S;S;C;Attack;Weakest;S;For_S;S;C;Train;Worker;Right;50;S;For_S;S;C;MoveToUnit;Ally;LessHealthy
120000,S;S_S;S;S_S;S;S_S;S;For_S;S;S_S;S;C;Build;Base;Up;25;S;C;Harvest;4;S;For_S;S;C;Attack;Weakest;S;For_S;S;C;Train;Worker;Right;50;S;For_S;S;C;MoveToUnit;Ally;LessHealthy
121000,S;S_S;S;S_S;S;S_S;S;For_S;S;S_S;S;C;Build;Base;Up;25;S;C;Harvest;4;S;For_S;S;C;Attack;Weakest;S;For_S;S;C;Train;Worker;Right;50;S;For_S;S;C;MoveToUnit;Ally;LessHealthy
122000,S;S_S;S;S_S;S;S_S;S;For_S;S;S_S;S;C;Build;Base;Up;25;S;C;Harvest;4;S;For_S;S;C;Attack;Weakest;S;For_S;S;C;Train;Worker;Right;50;S;For_S;S;C;MoveToUnit;Ally;LessHealthy
123000,S;S_S;S;S_S;S;S_S;S;For_S;S;S_S;S;C;Build;Base;Up;25;S;C;Harvest;4;S;For_S;S;C;Attack;Weakest;S;For_S;S;C;Train;Worker;Right;50;S;For_S;S;C;MoveToUnit;Ally;LessHealthy
124000,S;S_S;S;S_S;S;S_S;S;For_S;S;S_S;S;C;Build;Base;Up;25;S;C;Harvest;4;S;For_S;S;C;Attack;Weakest;S;For_S;S;C;Train;Worker;Right;50;S;For_S;S;C;MoveToUnit;Ally;LessHealthy
125000,S;S_S;S;S_S;S;S_S;S;For_S;S;S_S;S;C;Build;Base;Up;25;S;C;Harvest;4;S;For_S;S;C;Attack;Weakest;S;For_S;S;C;Train;Worker;Right;50;S;For_S;S;C;MoveToUnit;Ally;LessHealthy
126000,S;S_S;S;S_S;S;S_S;S;For_S;S;S_S;S;C;Build;Base;Up;25;S;C;Harvest;4;S;For_S;S;C;Attack;Weakest;S;For_S;S;C;Train;Worker;Right;50;S;For_S;S;C;MoveToUnit;Ally;LessHealthy
127000,S;S_S;S;S_S;S;S_S;S;For_S;S;S_S;S;C;Build;Base;Up;25;S;C;Harvest;4;S;For_S;S;C;Attack;Weakest;S;For_S;S;C;Train;Worker;Right;50;S;For_S;S;C;MoveToUnit;Ally;LessHealthy
128000,S;S_S;S;S_S;S;S_S;S;For_S;S;S_S;S;C;Build;Base;Up;25;S;C;Harvest;4;S;For_S;S;C;Attack;Weakest;S;For_S;S;C;Train;Worker;Right;50;S;For_S;S;C;MoveToUnit;Ally;LessHealthy
129000,S;S_S;S;S_S;S;S_S;S;For_S;S;S_S;S;C;Build;Base;Up;25;S;C;Harvest;4;S;For_S;S;C;Attack;Weakest;S;For_S;S;C;Train;Worker;Right;50;S;For_S;S;C;MoveToUnit;Ally;LessHealthy
130000,S;S_S;S;S_S;S;S_S;S;For_S;S;S_S;S;C;Build;Base;Up;25;S;C;Harvest;4;S;For_S;S;C;Attack;Weakest;S;For_S;S;C;Train;Worker;Right;50;S;For_S;S;C;MoveToUnit;Ally;LessHealthy
131000,S;S_S;S;S_S;S;S_S;S;For_S;S;S_S;S;C;Build;Base;Up;25;S;C;Harvest;4;S;For_S;S;C;Attack;Weakest;S;For_S;S;C;Train;Worker;Right;50;S;For_S;S;C;MoveToUnit;Ally;LessHealthy
132000,S;S_S;S;S_S;S;S_S;S;For_S;S;S_S;S;C;Build;Base;Up;25;S;C;Harvest;4;S;For_S;S;C;Attack;Weakest;S;For_S;S;C;Train;Worker;Right;50;S;For_S;S;C;MoveToUnit;Ally;LessHealthy
133000,S;S_S;S;S_S;S;S_S;S;For_S;S;S_S;S;C;Build;Base;Up;25;S;C;Harvest;4;S;For_S;S;C;Attack;Weakest;S;For_S;S;C;Train;Worker;Right;50;S;For_S;S;C;MoveToUnit;Ally;LessHealthy
134000,S;S_S;S;S_S;S;S_S;S;For_S;S;S_S;S;C;Build;Base;Up;25;S;C;Harvest;4;S;For_S;S;C;Attack;Weakest;S;For_S;S;C;Train;Worker;Right;50;S;For_S;S;C;MoveToUnit;Ally;LessHealthy
135000,S;S_S;S;S_S;S;S_S;S;For_S;S;S_S;S;C;Build;Base;Up;25;S;C;Harvest;4;S;For_S;S;C;Attack;Weakest;S;For_S;S;C;Train;Worker;Right;50;S;For_S;S;C;MoveToUnit;Ally;LessHealthy
136000,S;S_S;S;S_S;S;S_S;S;For_S;S;S_S;S;C;Build;Base;Up;25;S;C;Harvest;4;S;For_S;S;C;Attack;Weakest;S;For_S;S;C;Train;Worker;Right;50;S;For_S;S;C;MoveToUnit;Ally;LessHealthy
137000,S;S_S;S;S_S;S;S_S;S;For_S;S;S_S;S;C;Build;Base;Up;25;S;C;Harvest;4;S;For_S;S;C;Attack;Weakest;S;For_S;S;C;Train;Worker;Right;50;S;For_S;S;C;MoveToUnit;Ally;LessHealthy
138000,S;S_S;S;S_S;S;S_S;S;For_S;S;S_S;S;C;Build;Base;Up;25;S;C;Harvest;4;S;For_S;S;C;Attack;Weakest;S;For_S;S;C;Train;Worker;Right;50;S;For_S;S;C;MoveToUnit;Ally;LessHealthy
139000,S;S_S;S;S_S;S;S_S;S;For_S;S;S_S;S;C;Build;Base;Up;25;S;C;Harvest;4;S;For_S;S;C;Attack;Weakest;S;For_S;S;C;Train;Worker;Right;50;S;For_S;S;C;MoveToUnit;Ally;LessHealthy
140000,S;S_S;S;S_S;S;S_S;S;For_S;S;S_S;S;C;Build;Base;Up;25;S;C;Harvest;4;S;For_S;S;C;Attack;Weakest;S;For_S;S;C;Train;Worker;Right;50;S;For_S;S;C;MoveToUnit;Ally;LessHealthy
141000,S;S_S;S;S_S;S;S_S;S;For_S;S;S_S;S;C;Build;Base;Up;25;S;C;Harvest;4;S;For_S;S;C;Attack;Weakest;S;For_S;S;C;Train;Worker;Right;50;S;For_S;S;C;MoveToUnit;Ally;LessHealthy
142000,S;S_S;S;S_S;S;S_S;S;For_S;S;S_S;S;C;Build;Base;Up;25;S;C;Harvest;4;S;For_S;S;C;Attack;Weakest;S;For_S;S;C;Train;Worker;Right;50;S;For_S;S;C;MoveToUnit;Ally;LessHealthy
143000,S;S_S;S;S_S;S;S_S;S;For_S;S;S_S;S;C;Build;Base;Up;25;S;C;Harvest;4;S;For_S;S;C;Attack;Weakest;S;For_S;S;C;Train;Worker;Right;50;S;For_S;S;C;MoveToUnit;Ally;LessHealthy
144000,S;S_S;S;S_S;S;S_S;S;For_S;S;S_S;S;C;Build;Base;Up;25;S;C;Harvest;4;S;For_S;S;C;Attack;Weakest;S;For_S;S;C;Train;Worker;Right;50;S;For_S;S;C;MoveToUnit;Ally;LessHealthy
145000,S;S_S;S;S_S;S;S_S;S;For_S;S;S_S;S;C;Build;Base;Up;25;S;C;Harvest;4;S;For_S;S;C;Attack;Weakest;S;For_S;S;C;Train;Worker;Right;50;S;For_S;S;C;MoveToUnit;Ally;LessHealthy
146000,S;S_S;S;S_S;S;S_S;S;For_S;S;S_S;S;C;Build;Base;Up;25;S;C;Harvest;4;S;For_S;S;C;Attack;Weakest;S;For_S;S;C;Train;Worker;Right;50;S;For_S;S;C;MoveToUnit;Ally;LessHealthy
147000,S;S_S;S;S_S;S;S_S;S;For_S;S;S_S;S;C;Build;Base;Up;25;S;C;Harvest;4;S;For_S;S;C;Attack;Weakest;S;For_S;S;C;Train;Worker;Right;50;S;For_S;S;C;MoveToUnit;Ally;LessHealthy
148000,S;S_S;S;S_S;S;S_S;S;For_S;S;S_S;S;C;Build;Base;Up;25;S;C;Harvest;4;S;For_S;S;C;Attack;Weakest;S;For_S;S;C;Train;Worker;Right;50;S;For_S;S;C;MoveToUnit;Ally;LessHealthy
149000,S;S_S;S;S_S;S;S_S;S;For_S;S;S_S;S;C;Build;Base;Up;25;S;C;Harvest;4;S;For_S;S;C;Attack;Weakest;S;For_S;S;C;Train;Worker;Right;50;S;For_S;S;C;MoveToUnit;Ally;LessHealthy
150000,S;S_S;S;S_S;S;S_S;S;For_S;S;S_S;S;C;Build;Base;Up;25;S;C;Harvest;4;S;For_S;S;C;Attack;Weakest;S;For_S;S;C;Train;Worker;Right;50;S;For_S;S;C;MoveToUnit;Ally;LessHealthy
151000,S;S_S;S;S_S;S;S_S;S;For_S;S;S_S;S;C;Build;Base;Up;25;S;C;Harvest;4;S;For_S;S;C;Attack;Weakest;S;For_S;S;C;Train;Worker;Right;50;S;For_S;S;C;MoveToUnit;Ally;LessHealthy
152000,S;S_S;S;S_S;S;S_S;S;For_S;S;S_S;S;C;Build;Base;Up;25;S;C;Harvest;4;S;For_S;S;C;Attack;Weakest;S;For_S;S;C;Train;Worker;Right;50;S;For_S;S;C;MoveToUnit;Ally;LessHealthy
153000,S;S_S;S;S_S;S;S_S;S;For_S;S;S_S;S;C;Build;Base;Up;25;S;C;Harvest;4;S;For_S;S;C;Attack;Weakest;S;For_S;S;C;Train;Worker;Right;50;S;For_S;S;C;MoveToUnit;Ally;LessHealthy
154000,S;S_S;S;S_S;S;S_S;S;For_S;S;S_S;S;C;Build;Base;Up;25;S;C;Harvest;4;S;For_S;S;C;Attack;Weakest;S;For_S;S;C;Train;Worker;Right;50;S;For_S;S;C;MoveToUnit;Ally;LessHealthy
155000,S;S_S;S;S_S;S;S_S;S;For_S;S;S_S;S;C;Build;Base;Up;25;S;C;Harvest;4;S;For_S;S;C;Attack;Weakest;S;For_S;S;C;Train;Worker;Right;50;S;For_S;S;C;MoveToUnit;Ally;LessHealthy
156000,S;S_S;S;S_S;S;S_S;S;For_S;S;S_S;S;C;Build;Base;Up;25;S;C;Harvest;4;S;For_S;S;C;Attack;Weakest;S;For_S;S;C;Train;Worker;Right;50;S;For_S;S;C;MoveToUnit;Ally;LessHealthy
157000,S;S_S;S;S_S;S;S_S;S;For_S;S;S_S;S;C;Build;Base;Up;25;S;C;Harvest;4;S;For_S;S;C;Attack;Weakest;S;For_S;S;C;Train;Worker;Right;50;S;For_S;S;C;MoveToUnit;Ally;LessHealthy
158000,S;S_S;S;S_S;S;S_S;S;For_S;S;S_S;S;C;Build;Base;Up;25;S;C;Harvest;4;S;For_S;S;C;Attack;Weakest;S;For_S;S;C;Train;Worker;Right;50;S;For_S;S;C;MoveToUnit;Ally;LessHealthy
159000,S;S_S;S;S_S;S;S_S;S;For_S;S;S_S;S;C;Build;Base;Up;25;S;C;Harvest;4;S;For_S;S;C;Attack;Weakest;S;For_S;S;C;Train;Worker;Right;50;S;For_S;S;C;MoveToUnit;Ally;LessHealthy
160000,S;S_S;S;S_S;S;S_S;S;For_S;S;S_S;S;C;Build;Base;Up;25;S;C;Harvest;4;S;For_S;S;C;Attack;Weakest;S;For_S;S;C;Train;Worker;Right;50;S;For_S;S;C;MoveToUnit;Ally;LessHealthy
161000,S;S_S;S;S_S;S;S_S;S;For_S;S;S_S;S;C;Build;Base;Up;25;S;C;Harvest;4;S;For_S;S;C;Attack;Weakest;S;For_S;S;C;Train;Worker;Right;50;S;For_S;S;C;MoveToUnit;Ally;LessHealthy
162000,S;S_S;S;S_S;S;S_S;S;For_S;S;S_S;S;C;Build;Base;Up;25;S;C;Harvest;4;S;For_S;S;C;Attack;Weakest;S;For_S;S;C;Train;Worker;Right;50;S;For_S;S;C;MoveToUnit;Ally;LessHealthy
163000,S;S_S;S;S_S;S;S_S;S;For_S;S;S_S;S;C;Build;Base;Up;25;S;C;Harvest;4;S;For_S;S;C;Attack;Weakest;S;For_S;S;C;Train;Worker;Right;50;S;For_S;S;C;MoveToUnit;Ally;LessHealthy
164000,S;S_S;S;S_S;S;S_S;S;For_S;S;S_S;S;C;Build;Base;Up;25;S;C;Harvest;4;S;For_S;S;C;Attack;Weakest;S;For_S;S;C;Train;Worker;Right;50;S;For_S;S;C;MoveToUnit;Ally;LessHealthy
165000,S;S_S;S;S_S;S;S_S;S;For_S;S;S_S;S;C;Build;Base;Up;25;S;C;Harvest;4;S;For_S;S;C;Attack;Weakest;S;For_S;S;C;Train;Worker;Right;50;S;For_S;S;C;MoveToUnit;Ally;LessHealthy
166000,S;S_S;S;S_S;S;S_S;S;For_S;S;S_S;S;C;Build;Base;Up;25;S;C;Harvest;4;S;For_S;S;C;Attack;Weakest;S;For_S;S;C;Train;Worker;Right;50;S;For_S;S;C;MoveToUnit;Ally;LessHealthy
167000,S;S_S;S;S_S;S;S_S;S;For_S;S;S_S;S;C;Build;Base;Up;25;S;C;Harvest;4;S;For_S;S;C;Attack;Weakest;S;For_S;S;C;Train;Worker;Right;50;S;For_S;S;C;MoveToUnit;Ally;LessHealthy
168000,S;S_S;S;S_S;S;S_S;S;For_S;S;S_S;S;C;Build;Base;Up;25;S;C;Harvest;4;S;For_S;S;C;Attack;Weakest;S;For_S;S;C;Train;Worker;Right;50;S;For_S;S;C;MoveToUnit;Ally;LessHealthy
169000,S;S_S;S;S_S;S;S_S;S;For_S;S;S_S;S;C;Build;Base;Up;25;S;C;Harvest;4;S;For_S;S;C;Attack;Weakest;S;For_S;S;C;Train;Worker;Right;50;S;For_S;S;C;MoveToUnit;Ally;LessHealthy
170000,S;S_S;S;S_S;S;S_S;S;For_S;S;S_S;S;C;Build;Base;Up;25;S;C;Harvest;4;S;For_S;S;C;Attack;Weakest;S;For_S;S;C;Train;Worker;Right;50;S;For_S;S;C;MoveToUnit;Ally;LessHealthy
171000,S;S_S;S;S_S;S;S_S;S;For_S;S;S_S;S;C;Build;Base;Up;25;S;C;Harvest;4;S;For_S;S;C;Attack;Weakest;S;For_S;S;C;Train;Worker;Right;50;S;For_S;S;C;MoveToUnit;Ally;LessHealthy
172000,S;S_S;S;S_S;S;S_S;S;For_S;S;S_S;S;C;Build;Base;Up;25;S;C;Harvest;4;S;For_S;S;C;Attack;Weakest;S;For_S;S;C;Train;Worker;Right;50;S;For_S;S;C;MoveToUnit;Ally;LessHealthy
173000,S;S_S;S;S_S;S;S_S;S;For_S;S;S_S;S;C;Build;Base;Up;25;S;C;Harvest;4;S;For_S;S;C;Attack;Weakest;S;For_S;S;C;Train;Worker;Right;50;S;For_S;S;C;MoveToUnit;Ally;LessHealthy
174000,S;S_S;S;S_S;S;S_S;S;For_S;S;S_S;S;C;Build;Base;Up;25;S;C;Harvest;4;S;For_S;S;C;Attack;Weakest;S;For_S;S;C;Train;Worker;Right;50;S;For_S;S;C;MoveToUnit;Ally;LessHealthy
175000,S;S_S;S;S_S;S;S_S;S;For_S;S;S_S;S;C;Build;Base;Up;25;S;C;Harvest;4;S;For_S;S;C;Attack;Weakest;S;For_S;S;C;Train;Worker;Right;50;S;For_S;S;C;MoveToUnit;Ally;LessHealthy
176000,S;S_S;S;S_S;S;S_S;S;For_S;S;S_S;S;C;Build;Base;Up;25;S;C;Harvest;4;S;For_S;S;C;Attack;Weakest;S;For_S;S;C;Train;Worker;Right;50;S;For_S;S;C;MoveToUnit;Ally;LessHealthy
177000,S;S_S;S;S_S;S;S_S;S;For_S;S;S_S;S;C;Build;Base;Up;25;S;C;Harvest;4;S;For_S;S;C;Attack;Weakest;S;For_S;S;C;Train;Worker;Right;50;S;For_S;S;C;MoveToUnit;Ally;LessHealthy
178000,S;S_S;S;S_S;S;S_S;S;For_S;S;S_S;S;C;Build;Base;Up;25;S;C;Harvest;4;S;For_S;S;C;Attack;Weakest;S;For_S;S;C;Train;Worker;Right;50;S;For_S;S;C;MoveToUnit;Ally;LessHealthy
179000,S;S_S;S;S_S;S;S_S;S;For_S;S;S_S;S;C;Build;Base;Up;25;S;C;Harvest;4;S;For_S;S;C;Attack;Weakest;S;For_S;S;C;Train;Worker;Right;50;S;For_S;S;C;MoveToUnit;Ally;LessHealthy
180000,S;S_S;S;S_S;S;S_S;S;For_S;S;S_S;S;C;Build;Base;Up;25;S;C;Harvest;4;S;For_S;S;C;Attack;Weakest;S;For_S;S;C;Train;Worker;Right;50;S;For_S;S;C;MoveToUnit;Ally;LessHealthy
